-- MySQL dump 10.13  Distrib 5.5.28, for debian-linux-gnu (i686)
--
-- Host: localhost    Database: dvijuha
-- ------------------------------------------------------
-- Server version	5.5.28-0ubuntu0.12.04.2

/*!40101 SET @OLD_CHARACTER_SET_CLIENT=@@CHARACTER_SET_CLIENT */;
/*!40101 SET @OLD_CHARACTER_SET_RESULTS=@@CHARACTER_SET_RESULTS */;
/*!40101 SET @OLD_COLLATION_CONNECTION=@@COLLATION_CONNECTION */;
/*!40101 SET NAMES utf8 */;
/*!40103 SET @OLD_TIME_ZONE=@@TIME_ZONE */;
/*!40103 SET TIME_ZONE='+00:00' */;
/*!40014 SET @OLD_UNIQUE_CHECKS=@@UNIQUE_CHECKS, UNIQUE_CHECKS=0 */;
/*!40014 SET @OLD_FOREIGN_KEY_CHECKS=@@FOREIGN_KEY_CHECKS, FOREIGN_KEY_CHECKS=0 */;
/*!40101 SET @OLD_SQL_MODE=@@SQL_MODE, SQL_MODE='NO_AUTO_VALUE_ON_ZERO' */;
/*!40111 SET @OLD_SQL_NOTES=@@SQL_NOTES, SQL_NOTES=0 */;

--
-- Table structure for table `advantages`
--

DROP TABLE IF EXISTS `advantages`;
/*!40101 SET @saved_cs_client     = @@character_set_client */;
/*!40101 SET character_set_client = utf8 */;
CREATE TABLE `advantages` (
  `id` int(11) NOT NULL AUTO_INCREMENT,
  `created_at` timestamp NOT NULL DEFAULT CURRENT_TIMESTAMP,
  `title` varchar(100) NOT NULL,
  `text` text,
  `image` varchar(100) DEFAULT NULL,
  `visible` tinyint(1) DEFAULT '1',
  `url` varchar(200) DEFAULT NULL,
  `lang` varchar(2) NOT NULL DEFAULT 'ru',
  PRIMARY KEY (`id`)
) ENGINE=InnoDB AUTO_INCREMENT=17 DEFAULT CHARSET=utf8;
/*!40101 SET character_set_client = @saved_cs_client */;

--
-- Dumping data for table `advantages`
--

LOCK TABLES `advantages` WRITE;
/*!40000 ALTER TABLE `advantages` DISABLE KEYS */;
INSERT INTO `advantages` VALUES (1,'2014-02-14 15:23:36','Экономия денег','Не следует, однако забывать, что дальнейшее развитие различных форм деятельности в\r\n                              значительной степени обуславливает создание новых предложений. Повседневная практика\r\n                              показывает, что новая модель организационной деятельности обеспечивает широкому кругу\r\n                              (специалистов) участие в формировании ущественных финансовых и административных условий.','124520ccbf003bd692265ea5a2d166d0.jpg',1,'/preimushestva/preimushestvo1','ru'),(3,'2014-02-14 15:23:36','Преимущество 3','Не следует, однако забывать, что дальнейшее развитие различных форм деятельности в\r\n                              значительной степени обуславливает создание новых предложений. Повседневная практика\r\n                              показывает, что новая модель организационной деятельности обеспечивает широкому кругу\r\n                              (специалистов) участие в формировании ущественных финансовых и административных условий.','9db17ed556dfb48f985190dbcb43f9b3.jpg',1,'/preimushestva','ru'),(6,'2014-02-14 15:23:36','Преимущество 2','Не следует, однако забывать, что дальнейшее развитие различных форм деятельности в\r\n                              значительной степени обуславливает создание новых предложений. Повседневная практика\r\n                              показывает, что новая модель организационной деятельности обеспечивает широкому кругу\r\n                              (специалистов) участие в формировании ущественных финансовых и административных условий.','768baf14e7a0f6cff9c5a5b1fc7d5de5.jpg',1,'/preimushestva','ru'),(7,'2014-02-18 08:51:34','saving Money','The PAGES - Past Global Changes project is an international effort to coordinate and promote past global change research. PAGES mission is to improve our understanding of past changes in the Earth System in a quantitative and process-oriented way in order to improve projections of future climate and environment, and inform strategies for sustainability.','b763012e16749777980b2631756811cf.jpg',1,'saving-money','en'),(8,'2014-02-18 09:51:14','дуже сильна сторона','What\'s the matter with the clothes I\'m wearing?\r\nCan\'t you tell that your tie\'s too wide?\r\nMaybe I should buy some old tab collars?\r\nWelcome back to the age of jive.\r\nWhere have you been hidin\' out lately, honey?\r\nYou can\'t dress trashy till you spend a lot of money.\r\nEverybody\'s talkin\' \'bout the new sound\r\nFunny, but it\'s still rock and roll to me','b29eb7058f616ab1bb235bf81419c522.jpg',1,'','uk'),(9,'2014-02-18 09:51:20','дуже сильна сторона','What\'s the matter with the clothes I\'m wearing?\r\nCan\'t you tell that your tie\'s too wide?\r\nMaybe I should buy some old tab collars?\r\nWelcome back to the age of jive.\r\nWhere have you been hidin\' out lately, honey?\r\nYou can\'t dress trashy till you spend a lot of money.\r\nEverybody\'s talkin\' \'bout the new sound\r\nFunny, but it\'s still rock and roll to me','7065f7697b2951c1946a26fe2a82a018.jpg',1,'','uk'),(10,'2014-02-18 09:51:49','дуже сильна сторона','What\'s the matter with the clothes I\'m wearing?\r\nCan\'t you tell that your tie\'s too wide?\r\nMaybe I should buy some old tab collars?\r\nWelcome back to the age of jive.\r\nWhere have you been hidin\' out lately, honey?\r\nYou can\'t dress trashy till you spend a lot of money.\r\nEverybody\'s talkin\' \'bout the new sound\r\nFunny, but it\'s still rock and roll to me','fbffac4b099785316299c9dbd9211c1e.jpg',1,'','uk'),(14,'2014-03-18 19:38:37','saving Money 1','The PAGES - Past Global Changes project is an international effort to coordinate and promote past global change research. PAGES mission is to improve our understanding of past changes in the Earth System in a quantitative and process-oriented way in order to improve projections of future climate and environment, and inform strategies for sustainability.','2ea77f7030fc64b6e75a92aac392088c.jpg',1,'saving-money-1','en'),(15,'2014-03-18 19:43:15','The PAGES','The PAGES - Past Global Changes project is an international effort to coordinate and promote past global change research. PAGES mission is to improve our understanding of past changes in the Earth System in a quantitative and process-oriented way in order to improve projections of future climate and environment, and inform strategies for sustainability.','3b819a3e4522ec2cd6183f6e6f36d6f2.jpg',1,'the-pages','en'),(16,'2014-03-19 12:49:07','lalal','lalal',NULL,1,'lalal','en');
/*!40000 ALTER TABLE `advantages` ENABLE KEYS */;
UNLOCK TABLES;

--
-- Table structure for table `blog_category`
--

DROP TABLE IF EXISTS `blog_category`;
/*!40101 SET @saved_cs_client     = @@character_set_client */;
/*!40101 SET character_set_client = utf8 */;
CREATE TABLE `blog_category` (
  `id` int(10) unsigned NOT NULL AUTO_INCREMENT,
  `name` varchar(100) NOT NULL,
  `lang` varchar(2) NOT NULL,
  PRIMARY KEY (`id`)
) ENGINE=InnoDB AUTO_INCREMENT=7 DEFAULT CHARSET=utf8;
/*!40101 SET character_set_client = @saved_cs_client */;

--
-- Dumping data for table `blog_category`
--

LOCK TABLES `blog_category` WRITE;
/*!40000 ALTER TABLE `blog_category` DISABLE KEYS */;
INSERT INTO `blog_category` VALUES (4,'Спортивное питание','ru'),(5,'Сноубординг','ru'),(6,'Spam','en');
/*!40000 ALTER TABLE `blog_category` ENABLE KEYS */;
UNLOCK TABLES;

--
-- Table structure for table `blog_posts`
--

DROP TABLE IF EXISTS `blog_posts`;
/*!40101 SET @saved_cs_client     = @@character_set_client */;
/*!40101 SET character_set_client = utf8 */;
CREATE TABLE `blog_posts` (
  `id` int(10) unsigned NOT NULL AUTO_INCREMENT,
  `title` varchar(100) NOT NULL,
  `text` text NOT NULL,
  `created_at` timestamp NOT NULL DEFAULT CURRENT_TIMESTAMP,
  `user_id` int(10) unsigned NOT NULL,
  `category_id` int(10) unsigned NOT NULL,
  `visible` tinyint(1) NOT NULL DEFAULT '1',
  `lang` varchar(2) NOT NULL,
  PRIMARY KEY (`id`),
  KEY `category_id` (`category_id`),
  CONSTRAINT `blog_posts_ibfk_1` FOREIGN KEY (`category_id`) REFERENCES `blog_category` (`id`) ON DELETE CASCADE ON UPDATE CASCADE
) ENGINE=InnoDB AUTO_INCREMENT=21 DEFAULT CHARSET=utf8;
/*!40101 SET character_set_client = @saved_cs_client */;

--
-- Dumping data for table `blog_posts`
--

LOCK TABLES `blog_posts` WRITE;
/*!40000 ALTER TABLE `blog_posts` DISABLE KEYS */;
INSERT INTO `blog_posts` VALUES (9,'Спортивное питание: БАДы и другие “волшебные порошки”','<p>Отношение людей к&nbsp;<a title=\"Лечение спортом. Способ приема — в час по чайной ложке\" href=\"http://sportoblog.org/fitness/lechenie-sportom.html\" target=\"_blank\" style=\"font-family: Arial, Helvetica, sans-serif; color: rgb(69, 142, 174);\">спортивному питанию</a>&nbsp;никогда не было однозначным. До сих пор противники биологически активных добавок акцентируют внимание на отрицательных побочных эффектах и недостаточной эффективности некоторых БАДов. Встречаются, к сожалению, и такие случаи, но, когда речь заходит о действительно качественных, очищенных от вредных химических примесей продуктах, эти опасения можно смело признать беспочвенными. В таких БАДах содержание каждого вещества отрегулировано до миллиграмма, и человеку, принимающему их, остается лишь соблюдать правильные пропорции.</p><p>В зависимости от состава&nbsp;<strong>спортивные добавки подразделяются на несколько групп</strong>:</p><ul><li>углеводы</li><li>протеин (белки)</li><li>аминокислоты</li><li>витаминно-минеральные комплексы</li><li>комплексные биодобавки (углеводно-белковые гейнеры).</li></ul><p>Выбор нужного типа спортивного питания во многом зависит от целей тренировочной программы. Для того чтобы скинуть вес, пригодятся жиросжигатели; чтобы набрать мышечную массу – гейнеры, аминокислоты и протеины; а чтобы улучшить сразу несколько показателей – витаминно-минеральные комплексы.</p><p>Главная особенность спортивного питания заключается в том, что его нужно принимать параллельно с насыщенными физическими тренировками. БАД – это не волшебный порошок, превращающий обычного человека в гору мышц, это лишь хороший строительный материал, который укрепляет результаты тренировок. Также не стоит забывать, что максимально эффективно препараты работают только в комплексе со здоровой пищей.</p><p><a href=\"http://badbio.spb.ru/\" target=\"_blank\" style=\"font-family: Arial, Helvetica, sans-serif; color: rgb(69, 142, 174);\"><img class=\"aligncenter  wp-image-3326\" alt=\"\" src=\"http://sportoblog.org/wp-content/uploads/kompleks-vitamin-1024x682.jpg\" width=\"590\" height=\"393\" style=\"border: 1px solid rgb(181, 199, 207); display: block; margin-left: auto; margin-right: auto;\"></a></p><p>Пользуясь качественными биологически активными добавками, важно понимать, что эти препараты абсолютно не связаны с допингом, их применение разрешено во всех видах спорта. БАДы не являются лекарственными средствами и не вызывают привыкания, тем не менее, перед тем как начать применять ту или иную спортивную добавку, лучше проконсультироваться у специалиста. Для достижения максимального эффекта это необходимо! Если же какой-то тип добавок вам не подошел, не стоит отчаиваться; нужно попробовать новый. Ваш собственный организм лучше любого врача определит, что именно ему больше всего требуется на данный момент!</p><p>Получить информацию о том где купить биодобавки от мировых производителей по лучшим ценам вы можете на сайте&nbsp;<a href=\"http://badbio.spb.ru/sportivnoe-pitanie\" target=\"_blank\" style=\"font-family: Arial, Helvetica, sans-serif; color: rgb(69, 142, 174);\">http://badbio.spb.ru/sportivnoe-pitanie</a>. Здесь вам помогут найти все виды спортивного питания, в том числе, гейнеры, аминокислоты, жиросжигатели, протеины, витаминные комплексы и многое другое.</p><p>Выбирайте лучшее для максимального эффекта!</p><p>Желаю Вам удачи в тренировках.</p>','2014-02-27 22:00:00',1,4,1,'ru'),(10,'Опасные диеты','<p>Диеты неизменно популярны уже не одно тысячелетие. Еще в период Античности греческие и римские аристократы сидели на различных диетах для… нет, не для похудения, а с целью улучшить здоровье. Как физическое, так и психическое. А вот первые диеты, направленные непосредственно на борьбу с лишним весом, появились лишь в 19-м веке. И за эти двести с лишним лет их было придумано не одна тысячу, среди которых порой встречались и весьма причудливые.</p><p><img class=\"aligncenter  wp-image-3267\" title=\"опасные диеты\" src=\"http://sportoblog.org/wp-content/uploads/dieta.jpg\" alt=\"опасные диеты\" width=\"590\" height=\"401\" style=\"display: block; margin-left: auto; margin-right: auto; border: 1px solid rgb(181, 199, 207);\"></p><p>Сегодня, например, совершенно забыта диета, которой не брезговал сам Франц Кафка. Диета называлась&nbsp;<strong>флетчеризм</strong>, от имени своего создателя, который додумался до методики непрерывного жевания и сплевывания, что по его мнению способствовало лучшему усвоению пищи. Флетчер рекомендовал тщательно пережевывать пищу в соответствии с разработанной им таблицей (лук, например, полагалось пережевывать 700 раз), после чего сплевывать твердый остаток.</p><p>В этом, конечно, ничего особо опасного нет. Чего не скажешь о следующей диете под названием&nbsp;<strong>Солитер</strong>. Наименование свое она берет от названия одного кишечного червя-паразита… который и выступал в роли поглощателя лишних калорий. Желающий похудеть проглатывал личинку червя, которая, развиваясь в кишечнике охотника за красотой, поглощала почти всю пищу, принимаемую хозяином. Отличный способ для тех, кто не в силах отказаться от сладких пирожных. При достижении нужного веса, хозяин глотал пилюлю, убивающую червя, и проходил процедуру удаления мертвого уже паразита. Нужно ли говорить о «пользе» такой диеты? Если вы все же заинтересовались, запомните эту интересную цифру: 9. Именно столько метров в длину достигает червь, которого некоторые отваживались поселить у себя в кишечнике.</p><p>Прогресс не стоял на месте, и в конце 19-го века на помощь желающим похудеть пришли адепты химии. Рынок наводнили чудодейственные пилюли и препараты, в состав которых входили такие небезопасные вещества, как&nbsp;<strong>стрихнин и мышьяк</strong>. По словам аптекарей эти яды улучшали обмен веществ. Конечно, содержание их в пилюлях было далеко от смертельного, но многие незадачливые толстушки и толстуны, желая ускорить процесс, глотали по нескольку пилюль за раз. Финал был… предсказуем.</p><p>Когда же в Европу только пришла мода на худосочных и бледных красавиц (и красавцев) лордом Байроном была придумана&nbsp;<strong>уксусная диета</strong>. Вымоченный в уксусе рис или картофель в качестве еды, разведенный уксус для питья – вот рецепт от сочинителя вампирских романов. И рецепт действенный, так как того, кто отваживался на такую диету, терзали регулярные приступы рвоты и поноса. Но это нисколько не останавливало тогдашних модниц и модников.</p><p>Из «несъедобных» методов похудения, популярных на заре всеобщей погони за стройностью, можно отметить…&nbsp;<strong>каучук</strong>. Каучук завоевал рынок резиновых изделий в конце 19-го века. Тогда же на свет появилось каучуковое белье. Резиновые трусы и корсеты недурно поддерживали фигуру. А сверхобильному потению, которое сопровождало их ношение, приписывались чудесные и целебные свойства. Носить такое белье было не очень приятно, но чего не сделаешь ради тонкой талии?</p><p>Вот несколько удивительных диет, которые в очередной раз показывают, на что готов пойти человек, желающий максимально быстро сбросить вес, и не желающий прибегнуть к самому действенному методу – здрАвому отношению к своему здоровью.</p><p>В этой всей истории есть еще один немаловажный фактор: почему-то многие люди готовы выращивать в себе гигантских паразитов, изнывать от пота в обтягивающем кожу резиновом корсете, не есть, не пить и не спать “за компанию” или ради пресловутого славянского “слабо”… в общем, готовы экспериментировать над своим телом, даже в ущерб здоровью и долголетию не задумываясь о последствиях, вместо того, чтобы обратиться к специалистам. Между тем, любая&nbsp;<a href=\"http://diet-clinica.ru/\" target=\"_blank\" style=\"font-family: Arial, Helvetica, sans-serif; color: rgb(69, 142, 174);\">клиника снижения веса</a>&nbsp;поможет “мученикам лишних килограмм” начать жить полноценной жизнью без вреда для организма. Более того, именно специалисты могут подобрать правильную диету, исходя из потребностей вашего организма, а не потому что “свояченица подруги Люси, рассказала что она так делала и похудела”.</p><p><strong>P.S.</strong>&nbsp;Как и другие посты в своем блоге, этот пост я хочу закончить фразой: “думайте сами, решайте сами: иметь или не иметь”. Иметь ли вам лишние килограммы вопреки здравому смыслу и здоровью. Или не иметь проблем со здоровьем, пусть даже ценой лишнего веса, по мнению специалистов, часто “надуманного”.</p><p>Занимайтесь спортом, питайтесь здоровой пищей, а главное, почаще улыбайтесь своему отражению. И никакие лишние килограммы вам не грозят.</p><p></p><div><img src=\"http://sportoblog.org/wp-content/themes/futbol_action_spe010/images/PostTagIcon.png\" width=\"18\" height=\"18\" alt=\"PostTagIcon\" style=\"border-style: none; margin: 2px;\">&nbsp;Метки:&nbsp;<a href=\"http://sportoblog.org/tag/bezopasnost\" rel=\"tag\" style=\"font-family: Arial, Helvetica, sans-serif; text-decoration: none; color: rgb(60, 83, 93); font-size: 12px; margin: 0px;\">безопасность</a>,&nbsp;<a href=\"http://sportoblog.org/tag/diety\" rel=\"tag\" style=\"font-family: Arial, Helvetica, sans-serif; text-decoration: none; color: rgb(60, 83, 93); font-size: 12px; margin: 0px;\">диеты</a>,&nbsp;<a href=\"http://sportoblog.org/tag/zdorovyj-obraz-zhizni\" rel=\"tag\" style=\"font-family: Arial, Helvetica, sans-serif; text-decoration: none; color: rgb(60, 83, 93); font-size: 12px; margin: 0px;\">здоровый образ жизни</a>,&nbsp;<a href=\"http://sportoblog.org/tag/idealnyj-ves\" rel=\"tag\" style=\"font-family: Arial, Helvetica, sans-serif; text-decoration: none; color: rgb(60, 83, 93); font-size: 12px; margin: 0px;\">идеальный вес</a>,&nbsp;<a href=\"http://sportoblog.org/tag/potrebnosti\" rel=\"tag\" style=\"font-family: Arial, Helvetica, sans-serif; text-decoration: none; color: rgb(60, 83, 93); font-size: 12px; margin: 0px;\">потребности</a>,&nbsp;<a href=\"http://sportoblog.org/tag/rekomendacii-vracha\" rel=\"tag\" style=\"font-family: Arial, Helvetica, sans-serif; text-decoration: none; color: rgb(60, 83, 93); font-size: 12px; margin: 0px;\">рекомендации&nbsp;</a><p></p></div>','2014-02-28 19:00:00',1,4,1,'ru'),(11,'6 ПРИНЦИПОВ СПОРТИВНОГО ПИТАНИЯ','<h1>6 ПРИНЦИПОВ СПОРТИВНОГО ПИТАНИЯ</h1><p>Эти правила подходят всем, чей индекс массы тела (ИМТ, подробности и формулы расчета легко найти в интернете) ниже нормы или проходит по ее нижнему краю. Вне зависимости от комплекции, роста и веса.</p><p>Теги:&nbsp;<a href=\"http://www.mhealth.ru/tag/sportivnoe-pitanie/\" style=\"margin: 0px; padding: 0px; border: none; outline: none; color: rgb(0, 146, 215); background-position: 0px 0px; background-repeat: no-repeat no-repeat;\">Спортивное питание</a></p><p>ПРИНЦИП 1</p><p><b>Всегда комбинируй белки с углеводами</b></p><p>Именно такая комбинация наиболее эффективно повышает уровень инсулина в крови, а этот гормон крайне полезен для набора веса. Смешивай углеводы и белки каждый раз, когда ешь. Утром съешь творожную запеканку, зажуй ее апельсинами и запей сладким чаем. После тренировки съешь кисть бананов и влей следом полуторную порцию гейнера. В течение дня давись макаронами с говядиной или курицей. Раз в неделю закажи себе пиццу и сжуй ее всю, запивая сладкой газировкой, — иногда и это можно. Надо приучить себя есть строго каждые 3 часа — столько, сколько влезет. Не волнуйся: больше, чем нужно, не съешь. Первые неделю-две, возможно, даже наберешь немного жира, но потом организм адаптируется и будет требовать от тебя столько еды, сколько ему необходимо для эффективного роста. Чтобы успешно придерживаться этого режима питания, придется всегда (ВСЕГДА!) носить еду с собой, куда бы ты ни шел.</p><p>ПРИНЦИП 2</p><p><b>Завтракай через силу</b></p><p>Хочешь или нет — завтракай, и завтракай плотно! Методом проб и ошибок найди продукт, который будет давать тебе достаточно белка и калорий, даже если ты совсем не голоден и не можешь съесть много. Для меня это яичница из одних белков с грудкой и помидорами или творожная запеканка — много не съешь, но очень сытно и полезно.</p><p><img src=\"http://www.mhealth.ru/upload/2012/MH/02/176-11.jpg\" border=\"0\" width=\"0\" height=\"0\" style=\"margin: 0px; padding: 0px; outline: none; display: none !important; visibility: hidden !important; opacity: 0 !important; background-position: 550px 400px; background-repeat: no-repeat no-repeat;\"></p><p>ПРИНЦИП 3</p><p><b>Купи протеиновые батончики</b></p><p>Испытывать даже намеки на чувство голода для «дрыща» — преступление. Если почувствовал сосание под ложечкой в перерывах между едой — дави его батончиками. Они&nbsp;— прекрасный пример эффективной комбинации углеводов и белков, к тому же очень удобный. Не каждый согласится по-качковски гордо у всех на глазах выпить порцию гейнера, а вот сжевать якобы шоколадку — сколько угодно!</p><p>ПРИНЦИП 4</p><p><b>Ешь сладкое</b></p><p>Когда вес категорически не желает увеличиваться, можно прибегнуть к варварскому, но эффективному методу: попробуй заедать каждый (!) прием пищи, кроме завтрака, зефиром без шоколада или пастилой. Инсулин мгновенно взлетит к потолку, и ты усвоишь практически все, что только что съел. Данный прием позволял мне за&nbsp;3-4&nbsp;дня с легкостью набирать&nbsp;3-5&nbsp;дополнительных килограммов перед соревнованиями, одно­временно ненадолго увеличивая силовые показатели. Применять зефир-терапию можно не чаще, чем раз в 2 месяца, и не дольше недели. И если в роду есть диабетики, этот прием не для тебя.</p><p>ПРИНЦИП 5</p><p><b>Ешь на ночь</b></p><p>Ночь — ужасное время: целых восемь часов без еды! Позволить себе такое нельзя ни в коем случае. За час до отбоя обязательно плотно поешь. Но правильно — только легкоусвояемые белки и клетчатку. Отличный вариант — рыба с овощами. Догонись легкими углеводами — фрукты, пара кусков хлеба. Кстати, хлеб, как и любая выпечка в принципе, прекрасная «инсулиновая» добавка к обычной еде. Ее, в отличие от зефира, можно есть постоянно.</p><p>ПРИНЦИП 6</p><p><b>Пей гейнер до и после тренировки</b></p><p>Фактически это будет означать двойную дозу в течение трех часов, но ничего — зато тренировка пройдет на высочайшем уровне, плюс никакого катаболизма и мучительного чувства голода под конец тренировки. Выбирай гейнер с повышенным содержанием белка, ведь до двадцати процентов энергетического обеспечения на тренировке осуществляется именно за счет него!</p><p><i>Фото: Eastnews</i></p><p><a name=\"cut\" style=\"margin: 0px; padding: 0px; border: none; outline: none; color: rgb(0, 146, 215); background-position: 0px 0px; background-repeat: no-repeat no-repeat;\"></a><br><br>Читать всё:&nbsp;<a href=\"http://www.mhealth.ru/blog/Dimakrat/24678.php#ixzz2ugyAIbDV\" style=\"margin: 0px; padding: 0px; border: none; outline: none; color: rgb(0, 51, 153); background-position: 0px 0px; background-repeat: no-repeat no-repeat;\">http://www.mhealth.ru/blog/Dimakrat/24678.php#ixzz2ugyAIbDV</a><br></p>','2014-03-01 07:01:09',1,4,1,'ru'),(12,'Опасные диеты','<p>Диеты неизменно популярны уже не одно тысячелетие. Еще в период Античности греческие и римские аристократы сидели на различных диетах для… нет, не для похудения, а с целью улучшить здоровье. Как физическое, так и психическое. А вот первые диеты, направленные непосредственно на борьбу с лишним весом, появились лишь в 19-м веке. И за эти двести с лишним лет их было придумано не одна тысячу, среди которых порой встречались и весьма причудливые.</p><p><img class=\"aligncenter  wp-image-3267\" title=\"опасные диеты\" src=\"http://sportoblog.org/wp-content/uploads/dieta.jpg\" alt=\"опасные диеты\" width=\"590\" height=\"401\" style=\"display: block; margin-left: auto; margin-right: auto; border: 1px solid rgb(181, 199, 207);\"></p><p>Сегодня, например, совершенно забыта диета, которой не брезговал сам Франц Кафка. Диета называлась&nbsp;<strong>флетчеризм</strong>, от имени своего создателя, который додумался до методики непрерывного жевания и сплевывания, что по его мнению способствовало лучшему усвоению пищи. Флетчер рекомендовал тщательно пережевывать пищу в соответствии с разработанной им таблицей (лук, например, полагалось пережевывать 700 раз), после чего сплевывать твердый остаток.</p><p>В этом, конечно, ничего особо опасного нет. Чего не скажешь о следующей диете под названием&nbsp;<strong>Солитер</strong>. Наименование свое она берет от названия одного кишечного червя-паразита… который и выступал в роли поглощателя лишних калорий. Желающий похудеть проглатывал личинку червя, которая, развиваясь в кишечнике охотника за красотой, поглощала почти всю пищу, принимаемую хозяином. Отличный способ для тех, кто не в силах отказаться от сладких пирожных. При достижении нужного веса, хозяин глотал пилюлю, убивающую червя, и проходил процедуру удаления мертвого уже паразита. Нужно ли говорить о «пользе» такой диеты? Если вы все же заинтересовались, запомните эту интересную цифру: 9. Именно столько метров в длину достигает червь, которого некоторые отваживались поселить у себя в кишечнике.</p><p>Прогресс не стоял на месте, и в конце 19-го века на помощь желающим похудеть пришли адепты химии. Рынок наводнили чудодейственные пилюли и препараты, в состав которых входили такие небезопасные вещества, как&nbsp;<strong>стрихнин и мышьяк</strong>. По словам аптекарей эти яды улучшали обмен веществ. Конечно, содержание их в пилюлях было далеко от смертельного, но многие незадачливые толстушки и толстуны, желая ускорить процесс, глотали по нескольку пилюль за раз. Финал был… предсказуем.</p><p>Когда же в Европу только пришла мода на худосочных и бледных красавиц (и красавцев) лордом Байроном была придумана&nbsp;<strong>уксусная диета</strong>. Вымоченный в уксусе рис или картофель в качестве еды, разведенный уксус для питья – вот рецепт от сочинителя вампирских романов. И рецепт действенный, так как того, кто отваживался на такую диету, терзали регулярные приступы рвоты и поноса. Но это нисколько не останавливало тогдашних модниц и модников.</p><p>Из «несъедобных» методов похудения, популярных на заре всеобщей погони за стройностью, можно отметить…&nbsp;<strong>каучук</strong>. Каучук завоевал рынок резиновых изделий в конце 19-го века. Тогда же на свет появилось каучуковое белье. Резиновые трусы и корсеты недурно поддерживали фигуру. А сверхобильному потению, которое сопровождало их ношение, приписывались чудесные и целебные свойства. Носить такое белье было не очень приятно, но чего не сделаешь ради тонкой талии?</p><p>Вот несколько удивительных диет, которые в очередной раз показывают, на что готов пойти человек, желающий максимально быстро сбросить вес, и не желающий прибегнуть к самому действенному методу – здрАвому отношению к своему здоровью.</p><p>В этой всей истории есть еще один немаловажный фактор: почему-то многие люди готовы выращивать в себе гигантских паразитов, изнывать от пота в обтягивающем кожу резиновом корсете, не есть, не пить и не спать “за компанию” или ради пресловутого славянского “слабо”… в общем, готовы экспериментировать над своим телом, даже в ущерб здоровью и долголетию не задумываясь о последствиях, вместо того, чтобы обратиться к специалистам. Между тем, любая&nbsp;<a href=\"http://diet-clinica.ru/\" target=\"_blank\" style=\"font-family: Arial, Helvetica, sans-serif; color: rgb(69, 142, 174);\">клиника снижения веса</a>&nbsp;поможет “мученикам лишних килограмм” начать жить полноценной жизнью без вреда для организма. Более того, именно специалисты могут подобрать правильную диету, исходя из потребностей вашего организма, а не потому что “свояченица подруги Люси, рассказала что она так делала и похудела”.</p><p><strong>P.S.</strong>&nbsp;Как и другие посты в своем блоге, этот пост я хочу закончить фразой: “думайте сами, решайте сами: иметь или не иметь”. Иметь ли вам лишние килограммы вопреки здравому смыслу и здоровью. Или не иметь проблем со здоровьем, пусть даже ценой лишнего веса, по мнению специалистов, часто “надуманного”.</p><p>Занимайтесь спортом, питайтесь здоровой пищей, а главное, почаще улыбайтесь своему отражению. И никакие лишние килограммы вам не грозят.</p><p></p><div><img src=\"http://sportoblog.org/wp-content/themes/futbol_action_spe010/images/PostTagIcon.png\" width=\"18\" height=\"18\" alt=\"PostTagIcon\" style=\"border-style: none; margin: 2px;\">&nbsp;Метки:&nbsp;<a href=\"http://sportoblog.org/tag/bezopasnost\" rel=\"tag\" style=\"font-family: Arial, Helvetica, sans-serif; text-decoration: none; color: rgb(60, 83, 93); font-size: 12px; margin: 0px;\">безопасность</a>,&nbsp;<a href=\"http://sportoblog.org/tag/diety\" rel=\"tag\" style=\"font-family: Arial, Helvetica, sans-serif; text-decoration: none; color: rgb(60, 83, 93); font-size: 12px; margin: 0px;\">диеты</a>,&nbsp;<a href=\"http://sportoblog.org/tag/zdorovyj-obraz-zhizni\" rel=\"tag\" style=\"font-family: Arial, Helvetica, sans-serif; text-decoration: none; color: rgb(60, 83, 93); font-size: 12px; margin: 0px;\">здоровый образ жизни</a>,&nbsp;<a href=\"http://sportoblog.org/tag/idealnyj-ves\" rel=\"tag\" style=\"font-family: Arial, Helvetica, sans-serif; text-decoration: none; color: rgb(60, 83, 93); font-size: 12px; margin: 0px;\">идеальный вес</a>,&nbsp;<a href=\"http://sportoblog.org/tag/potrebnosti\" rel=\"tag\" style=\"font-family: Arial, Helvetica, sans-serif; text-decoration: none; color: rgb(60, 83, 93); font-size: 12px; margin: 0px;\">потребности</a>,&nbsp;<a href=\"http://sportoblog.org/tag/rekomendacii-vracha\" rel=\"tag\" style=\"font-family: Arial, Helvetica, sans-serif; text-decoration: none; color: rgb(60, 83, 93); font-size: 12px; margin: 0px;\">рекомендации&nbsp;</a><p></p></div>','2014-02-28 19:00:00',1,4,1,'ru'),(13,'Опасные диеты','<p>Диеты неизменно популярны уже не одно тысячелетие. Еще в период Античности греческие и римские аристократы сидели на различных диетах для… нет, не для похудения, а с целью улучшить здоровье. Как физическое, так и психическое. А вот первые диеты, направленные непосредственно на борьбу с лишним весом, появились лишь в 19-м веке. И за эти двести с лишним лет их было придумано не одна тысячу, среди которых порой встречались и весьма причудливые.</p><p><img class=\"aligncenter  wp-image-3267\" title=\"опасные диеты\" src=\"http://sportoblog.org/wp-content/uploads/dieta.jpg\" alt=\"опасные диеты\" width=\"590\" height=\"401\" style=\"display: block; margin-left: auto; margin-right: auto; border: 1px solid rgb(181, 199, 207);\"></p><p>Сегодня, например, совершенно забыта диета, которой не брезговал сам Франц Кафка. Диета называлась&nbsp;<strong>флетчеризм</strong>, от имени своего создателя, который додумался до методики непрерывного жевания и сплевывания, что по его мнению способствовало лучшему усвоению пищи. Флетчер рекомендовал тщательно пережевывать пищу в соответствии с разработанной им таблицей (лук, например, полагалось пережевывать 700 раз), после чего сплевывать твердый остаток.</p><p>В этом, конечно, ничего особо опасного нет. Чего не скажешь о следующей диете под названием&nbsp;<strong>Солитер</strong>. Наименование свое она берет от названия одного кишечного червя-паразита… который и выступал в роли поглощателя лишних калорий. Желающий похудеть проглатывал личинку червя, которая, развиваясь в кишечнике охотника за красотой, поглощала почти всю пищу, принимаемую хозяином. Отличный способ для тех, кто не в силах отказаться от сладких пирожных. При достижении нужного веса, хозяин глотал пилюлю, убивающую червя, и проходил процедуру удаления мертвого уже паразита. Нужно ли говорить о «пользе» такой диеты? Если вы все же заинтересовались, запомните эту интересную цифру: 9. Именно столько метров в длину достигает червь, которого некоторые отваживались поселить у себя в кишечнике.</p><p>Прогресс не стоял на месте, и в конце 19-го века на помощь желающим похудеть пришли адепты химии. Рынок наводнили чудодейственные пилюли и препараты, в состав которых входили такие небезопасные вещества, как&nbsp;<strong>стрихнин и мышьяк</strong>. По словам аптекарей эти яды улучшали обмен веществ. Конечно, содержание их в пилюлях было далеко от смертельного, но многие незадачливые толстушки и толстуны, желая ускорить процесс, глотали по нескольку пилюль за раз. Финал был… предсказуем.</p><p>Когда же в Европу только пришла мода на худосочных и бледных красавиц (и красавцев) лордом Байроном была придумана&nbsp;<strong>уксусная диета</strong>. Вымоченный в уксусе рис или картофель в качестве еды, разведенный уксус для питья – вот рецепт от сочинителя вампирских романов. И рецепт действенный, так как того, кто отваживался на такую диету, терзали регулярные приступы рвоты и поноса. Но это нисколько не останавливало тогдашних модниц и модников.</p><p>Из «несъедобных» методов похудения, популярных на заре всеобщей погони за стройностью, можно отметить…&nbsp;<strong>каучук</strong>. Каучук завоевал рынок резиновых изделий в конце 19-го века. Тогда же на свет появилось каучуковое белье. Резиновые трусы и корсеты недурно поддерживали фигуру. А сверхобильному потению, которое сопровождало их ношение, приписывались чудесные и целебные свойства. Носить такое белье было не очень приятно, но чего не сделаешь ради тонкой талии?</p><p>Вот несколько удивительных диет, которые в очередной раз показывают, на что готов пойти человек, желающий максимально быстро сбросить вес, и не желающий прибегнуть к самому действенному методу – здрАвому отношению к своему здоровью.</p><p>В этой всей истории есть еще один немаловажный фактор: почему-то многие люди готовы выращивать в себе гигантских паразитов, изнывать от пота в обтягивающем кожу резиновом корсете, не есть, не пить и не спать “за компанию” или ради пресловутого славянского “слабо”… в общем, готовы экспериментировать над своим телом, даже в ущерб здоровью и долголетию не задумываясь о последствиях, вместо того, чтобы обратиться к специалистам. Между тем, любая&nbsp;<a href=\"http://diet-clinica.ru/\" target=\"_blank\" style=\"font-family: Arial, Helvetica, sans-serif; color: rgb(69, 142, 174);\">клиника снижения веса</a>&nbsp;поможет “мученикам лишних килограмм” начать жить полноценной жизнью без вреда для организма. Более того, именно специалисты могут подобрать правильную диету, исходя из потребностей вашего организма, а не потому что “свояченица подруги Люси, рассказала что она так делала и похудела”.</p><p><strong>P.S.</strong>&nbsp;Как и другие посты в своем блоге, этот пост я хочу закончить фразой: “думайте сами, решайте сами: иметь или не иметь”. Иметь ли вам лишние килограммы вопреки здравому смыслу и здоровью. Или не иметь проблем со здоровьем, пусть даже ценой лишнего веса, по мнению специалистов, часто “надуманного”.</p><p>Занимайтесь спортом, питайтесь здоровой пищей, а главное, почаще улыбайтесь своему отражению. И никакие лишние килограммы вам не грозят.</p><p></p><div><img src=\"http://sportoblog.org/wp-content/themes/futbol_action_spe010/images/PostTagIcon.png\" width=\"18\" height=\"18\" alt=\"PostTagIcon\" style=\"border-style: none; margin: 2px;\">&nbsp;Метки:&nbsp;<a href=\"http://sportoblog.org/tag/bezopasnost\" rel=\"tag\" style=\"font-family: Arial, Helvetica, sans-serif; text-decoration: none; color: rgb(60, 83, 93); font-size: 12px; margin: 0px;\">безопасность</a>,&nbsp;<a href=\"http://sportoblog.org/tag/diety\" rel=\"tag\" style=\"font-family: Arial, Helvetica, sans-serif; text-decoration: none; color: rgb(60, 83, 93); font-size: 12px; margin: 0px;\">диеты</a>,&nbsp;<a href=\"http://sportoblog.org/tag/zdorovyj-obraz-zhizni\" rel=\"tag\" style=\"font-family: Arial, Helvetica, sans-serif; text-decoration: none; color: rgb(60, 83, 93); font-size: 12px; margin: 0px;\">здоровый образ жизни</a>,&nbsp;<a href=\"http://sportoblog.org/tag/idealnyj-ves\" rel=\"tag\" style=\"font-family: Arial, Helvetica, sans-serif; text-decoration: none; color: rgb(60, 83, 93); font-size: 12px; margin: 0px;\">идеальный вес</a>,&nbsp;<a href=\"http://sportoblog.org/tag/potrebnosti\" rel=\"tag\" style=\"font-family: Arial, Helvetica, sans-serif; text-decoration: none; color: rgb(60, 83, 93); font-size: 12px; margin: 0px;\">потребности</a>,&nbsp;<a href=\"http://sportoblog.org/tag/rekomendacii-vracha\" rel=\"tag\" style=\"font-family: Arial, Helvetica, sans-serif; text-decoration: none; color: rgb(60, 83, 93); font-size: 12px; margin: 0px;\">рекомендации&nbsp;</a><p></p></div>','2014-02-28 19:00:00',1,4,1,'ru'),(14,'Опасные диеты','<p>Диеты неизменно популярны уже не одно тысячелетие. Еще в период Античности греческие и римские аристократы сидели на различных диетах для… нет, не для похудения, а с целью улучшить здоровье. Как физическое, так и психическое. А вот первые диеты, направленные непосредственно на борьбу с лишним весом, появились лишь в 19-м веке. И за эти двести с лишним лет их было придумано не одна тысячу, среди которых порой встречались и весьма причудливые.</p><p><img class=\"aligncenter  wp-image-3267\" title=\"опасные диеты\" src=\"http://sportoblog.org/wp-content/uploads/dieta.jpg\" alt=\"опасные диеты\" width=\"590\" height=\"401\" style=\"display: block; margin-left: auto; margin-right: auto; border: 1px solid rgb(181, 199, 207);\"></p><p>Сегодня, например, совершенно забыта диета, которой не брезговал сам Франц Кафка. Диета называлась&nbsp;<strong>флетчеризм</strong>, от имени своего создателя, который додумался до методики непрерывного жевания и сплевывания, что по его мнению способствовало лучшему усвоению пищи. Флетчер рекомендовал тщательно пережевывать пищу в соответствии с разработанной им таблицей (лук, например, полагалось пережевывать 700 раз), после чего сплевывать твердый остаток.</p><p>В этом, конечно, ничего особо опасного нет. Чего не скажешь о следующей диете под названием&nbsp;<strong>Солитер</strong>. Наименование свое она берет от названия одного кишечного червя-паразита… который и выступал в роли поглощателя лишних калорий. Желающий похудеть проглатывал личинку червя, которая, развиваясь в кишечнике охотника за красотой, поглощала почти всю пищу, принимаемую хозяином. Отличный способ для тех, кто не в силах отказаться от сладких пирожных. При достижении нужного веса, хозяин глотал пилюлю, убивающую червя, и проходил процедуру удаления мертвого уже паразита. Нужно ли говорить о «пользе» такой диеты? Если вы все же заинтересовались, запомните эту интересную цифру: 9. Именно столько метров в длину достигает червь, которого некоторые отваживались поселить у себя в кишечнике.</p><p>Прогресс не стоял на месте, и в конце 19-го века на помощь желающим похудеть пришли адепты химии. Рынок наводнили чудодейственные пилюли и препараты, в состав которых входили такие небезопасные вещества, как&nbsp;<strong>стрихнин и мышьяк</strong>. По словам аптекарей эти яды улучшали обмен веществ. Конечно, содержание их в пилюлях было далеко от смертельного, но многие незадачливые толстушки и толстуны, желая ускорить процесс, глотали по нескольку пилюль за раз. Финал был… предсказуем.</p><p>Когда же в Европу только пришла мода на худосочных и бледных красавиц (и красавцев) лордом Байроном была придумана&nbsp;<strong>уксусная диета</strong>. Вымоченный в уксусе рис или картофель в качестве еды, разведенный уксус для питья – вот рецепт от сочинителя вампирских романов. И рецепт действенный, так как того, кто отваживался на такую диету, терзали регулярные приступы рвоты и поноса. Но это нисколько не останавливало тогдашних модниц и модников.</p><p>Из «несъедобных» методов похудения, популярных на заре всеобщей погони за стройностью, можно отметить…&nbsp;<strong>каучук</strong>. Каучук завоевал рынок резиновых изделий в конце 19-го века. Тогда же на свет появилось каучуковое белье. Резиновые трусы и корсеты недурно поддерживали фигуру. А сверхобильному потению, которое сопровождало их ношение, приписывались чудесные и целебные свойства. Носить такое белье было не очень приятно, но чего не сделаешь ради тонкой талии?</p><p>Вот несколько удивительных диет, которые в очередной раз показывают, на что готов пойти человек, желающий максимально быстро сбросить вес, и не желающий прибегнуть к самому действенному методу – здрАвому отношению к своему здоровью.</p><p>В этой всей истории есть еще один немаловажный фактор: почему-то многие люди готовы выращивать в себе гигантских паразитов, изнывать от пота в обтягивающем кожу резиновом корсете, не есть, не пить и не спать “за компанию” или ради пресловутого славянского “слабо”… в общем, готовы экспериментировать над своим телом, даже в ущерб здоровью и долголетию не задумываясь о последствиях, вместо того, чтобы обратиться к специалистам. Между тем, любая&nbsp;<a href=\"http://diet-clinica.ru/\" target=\"_blank\" style=\"font-family: Arial, Helvetica, sans-serif; color: rgb(69, 142, 174);\">клиника снижения веса</a>&nbsp;поможет “мученикам лишних килограмм” начать жить полноценной жизнью без вреда для организма. Более того, именно специалисты могут подобрать правильную диету, исходя из потребностей вашего организма, а не потому что “свояченица подруги Люси, рассказала что она так делала и похудела”.</p><p><strong>P.S.</strong>&nbsp;Как и другие посты в своем блоге, этот пост я хочу закончить фразой: “думайте сами, решайте сами: иметь или не иметь”. Иметь ли вам лишние килограммы вопреки здравому смыслу и здоровью. Или не иметь проблем со здоровьем, пусть даже ценой лишнего веса, по мнению специалистов, часто “надуманного”.</p><p>Занимайтесь спортом, питайтесь здоровой пищей, а главное, почаще улыбайтесь своему отражению. И никакие лишние килограммы вам не грозят.</p><p></p><div><img src=\"http://sportoblog.org/wp-content/themes/futbol_action_spe010/images/PostTagIcon.png\" width=\"18\" height=\"18\" alt=\"PostTagIcon\" style=\"border-style: none; margin: 2px;\">&nbsp;Метки:&nbsp;<a href=\"http://sportoblog.org/tag/bezopasnost\" rel=\"tag\" style=\"font-family: Arial, Helvetica, sans-serif; text-decoration: none; color: rgb(60, 83, 93); font-size: 12px; margin: 0px;\">безопасность</a>,&nbsp;<a href=\"http://sportoblog.org/tag/diety\" rel=\"tag\" style=\"font-family: Arial, Helvetica, sans-serif; text-decoration: none; color: rgb(60, 83, 93); font-size: 12px; margin: 0px;\">диеты</a>,&nbsp;<a href=\"http://sportoblog.org/tag/zdorovyj-obraz-zhizni\" rel=\"tag\" style=\"font-family: Arial, Helvetica, sans-serif; text-decoration: none; color: rgb(60, 83, 93); font-size: 12px; margin: 0px;\">здоровый образ жизни</a>,&nbsp;<a href=\"http://sportoblog.org/tag/idealnyj-ves\" rel=\"tag\" style=\"font-family: Arial, Helvetica, sans-serif; text-decoration: none; color: rgb(60, 83, 93); font-size: 12px; margin: 0px;\">идеальный вес</a>,&nbsp;<a href=\"http://sportoblog.org/tag/potrebnosti\" rel=\"tag\" style=\"font-family: Arial, Helvetica, sans-serif; text-decoration: none; color: rgb(60, 83, 93); font-size: 12px; margin: 0px;\">потребности</a>,&nbsp;<a href=\"http://sportoblog.org/tag/rekomendacii-vracha\" rel=\"tag\" style=\"font-family: Arial, Helvetica, sans-serif; text-decoration: none; color: rgb(60, 83, 93); font-size: 12px; margin: 0px;\">рекомендации&nbsp;</a><p></p></div>','2014-02-27 22:00:00',1,4,1,'ru'),(15,'Спортивное питание: БАДы и другие “волшебные порошки”','<p>Отношение людей к&nbsp;<a title=\"Лечение спортом. Способ приема — в час по чайной ложке\" href=\"http://sportoblog.org/fitness/lechenie-sportom.html\" target=\"_blank\" style=\"font-family: Arial, Helvetica, sans-serif; color: rgb(69, 142, 174);\">спортивному питанию</a>&nbsp;никогда не было однозначным. До сих пор противники биологически активных добавок акцентируют внимание на отрицательных побочных эффектах и недостаточной эффективности некоторых БАДов. Встречаются, к сожалению, и такие случаи, но, когда речь заходит о действительно качественных, очищенных от вредных химических примесей продуктах, эти опасения можно смело признать беспочвенными. В таких БАДах содержание каждого вещества отрегулировано до миллиграмма, и человеку, принимающему их, остается лишь соблюдать правильные пропорции.</p><p>В зависимости от состава&nbsp;<strong>спортивные добавки подразделяются на несколько групп</strong>:</p><ul><li>углеводы</li><li>протеин (белки)</li><li>аминокислоты</li><li>витаминно-минеральные комплексы</li><li>комплексные биодобавки (углеводно-белковые гейнеры).</li></ul><p>Выбор нужного типа спортивного питания во многом зависит от целей тренировочной программы. Для того чтобы скинуть вес, пригодятся жиросжигатели; чтобы набрать мышечную массу – гейнеры, аминокислоты и протеины; а чтобы улучшить сразу несколько показателей – витаминно-минеральные комплексы.</p><p>Главная особенность спортивного питания заключается в том, что его нужно принимать параллельно с насыщенными физическими тренировками. БАД – это не волшебный порошок, превращающий обычного человека в гору мышц, это лишь хороший строительный материал, который укрепляет результаты тренировок. Также не стоит забывать, что максимально эффективно препараты работают только в комплексе со здоровой пищей.</p><p><a href=\"http://badbio.spb.ru/\" target=\"_blank\" style=\"font-family: Arial, Helvetica, sans-serif; color: rgb(69, 142, 174);\"><img class=\"aligncenter  wp-image-3326\" alt=\"\" src=\"http://sportoblog.org/wp-content/uploads/kompleks-vitamin-1024x682.jpg\" width=\"590\" height=\"393\" style=\"border: 1px solid rgb(181, 199, 207); display: block; margin-left: auto; margin-right: auto;\"></a></p><p>Пользуясь качественными биологически активными добавками, важно понимать, что эти препараты абсолютно не связаны с допингом, их применение разрешено во всех видах спорта. БАДы не являются лекарственными средствами и не вызывают привыкания, тем не менее, перед тем как начать применять ту или иную спортивную добавку, лучше проконсультироваться у специалиста. Для достижения максимального эффекта это необходимо! Если же какой-то тип добавок вам не подошел, не стоит отчаиваться; нужно попробовать новый. Ваш собственный организм лучше любого врача определит, что именно ему больше всего требуется на данный момент!</p><p>Получить информацию о том где купить биодобавки от мировых производителей по лучшим ценам вы можете на сайте&nbsp;<a href=\"http://badbio.spb.ru/sportivnoe-pitanie\" target=\"_blank\" style=\"font-family: Arial, Helvetica, sans-serif; color: rgb(69, 142, 174);\">http://badbio.spb.ru/sportivnoe-pitanie</a>. Здесь вам помогут найти все виды спортивного питания, в том числе, гейнеры, аминокислоты, жиросжигатели, протеины, витаминные комплексы и многое другое.</p><p>Выбирайте лучшее для максимального эффекта!</p><p>Желаю Вам удачи в тренировках.</p>','2014-02-28 19:00:00',1,4,1,'ru'),(16,'6 ПРИНЦИПОВ СПОРТИВНОГО ПИТАНИЯ','<h1>6 ПРИНЦИПОВ СПОРТИВНОГО ПИТАНИЯ</h1><p>Эти правила подходят всем, чей индекс массы тела (ИМТ, подробности и формулы расчета легко найти в интернете) ниже нормы или проходит по ее нижнему краю. Вне зависимости от комплекции, роста и веса.</p><p>Теги:&nbsp;<a href=\"http://www.mhealth.ru/tag/sportivnoe-pitanie/\" style=\"margin: 0px; padding: 0px; border: none; outline: none; color: rgb(0, 146, 215); background-position: 0px 0px; background-repeat: no-repeat no-repeat;\">Спортивное питание</a></p><p>ПРИНЦИП 1</p><p><b>Всегда комбинируй белки с углеводами</b></p><p>Именно такая комбинация наиболее эффективно повышает уровень инсулина в крови, а этот гормон крайне полезен для набора веса. Смешивай углеводы и белки каждый раз, когда ешь. Утром съешь творожную запеканку, зажуй ее апельсинами и запей сладким чаем. После тренировки съешь кисть бананов и влей следом полуторную порцию гейнера. В течение дня давись макаронами с говядиной или курицей. Раз в неделю закажи себе пиццу и сжуй ее всю, запивая сладкой газировкой, — иногда и это можно. Надо приучить себя есть строго каждые 3 часа — столько, сколько влезет. Не волнуйся: больше, чем нужно, не съешь. Первые неделю-две, возможно, даже наберешь немного жира, но потом организм адаптируется и будет требовать от тебя столько еды, сколько ему необходимо для эффективного роста. Чтобы успешно придерживаться этого режима питания, придется всегда (ВСЕГДА!) носить еду с собой, куда бы ты ни шел.</p><p>ПРИНЦИП 2</p><p><b>Завтракай через силу</b></p><p>Хочешь или нет — завтракай, и завтракай плотно! Методом проб и ошибок найди продукт, который будет давать тебе достаточно белка и калорий, даже если ты совсем не голоден и не можешь съесть много. Для меня это яичница из одних белков с грудкой и помидорами или творожная запеканка — много не съешь, но очень сытно и полезно.</p><p><img src=\"http://www.mhealth.ru/upload/2012/MH/02/176-11.jpg\" border=\"0\" width=\"0\" height=\"0\" style=\"margin: 0px; padding: 0px; outline: none; display: none !important; visibility: hidden !important; opacity: 0 !important; background-position: 550px 400px; background-repeat: no-repeat no-repeat;\"></p><p>ПРИНЦИП 3</p><p><b>Купи протеиновые батончики</b></p><p>Испытывать даже намеки на чувство голода для «дрыща» — преступление. Если почувствовал сосание под ложечкой в перерывах между едой — дави его батончиками. Они&nbsp;— прекрасный пример эффективной комбинации углеводов и белков, к тому же очень удобный. Не каждый согласится по-качковски гордо у всех на глазах выпить порцию гейнера, а вот сжевать якобы шоколадку — сколько угодно!</p><p>ПРИНЦИП 4</p><p><b>Ешь сладкое</b></p><p>Когда вес категорически не желает увеличиваться, можно прибегнуть к варварскому, но эффективному методу: попробуй заедать каждый (!) прием пищи, кроме завтрака, зефиром без шоколада или пастилой. Инсулин мгновенно взлетит к потолку, и ты усвоишь практически все, что только что съел. Данный прием позволял мне за&nbsp;3-4&nbsp;дня с легкостью набирать&nbsp;3-5&nbsp;дополнительных килограммов перед соревнованиями, одно­временно ненадолго увеличивая силовые показатели. Применять зефир-терапию можно не чаще, чем раз в 2 месяца, и не дольше недели. И если в роду есть диабетики, этот прием не для тебя.</p><p>ПРИНЦИП 5</p><p><b>Ешь на ночь</b></p><p>Ночь — ужасное время: целых восемь часов без еды! Позволить себе такое нельзя ни в коем случае. За час до отбоя обязательно плотно поешь. Но правильно — только легкоусвояемые белки и клетчатку. Отличный вариант — рыба с овощами. Догонись легкими углеводами — фрукты, пара кусков хлеба. Кстати, хлеб, как и любая выпечка в принципе, прекрасная «инсулиновая» добавка к обычной еде. Ее, в отличие от зефира, можно есть постоянно.</p><p>ПРИНЦИП 6</p><p><b>Пей гейнер до и после тренировки</b></p><p>Фактически это будет означать двойную дозу в течение трех часов, но ничего — зато тренировка пройдет на высочайшем уровне, плюс никакого катаболизма и мучительного чувства голода под конец тренировки. Выбирай гейнер с повышенным содержанием белка, ведь до двадцати процентов энергетического обеспечения на тренировке осуществляется именно за счет него!</p><p><i>Фото: Eastnews</i></p><p><a name=\"cut\" style=\"margin: 0px; padding: 0px; border: none; outline: none; color: rgb(0, 146, 215); background-position: 0px 0px; background-repeat: no-repeat no-repeat;\"></a><br><br>Читать всё:&nbsp;<a href=\"http://www.mhealth.ru/blog/Dimakrat/24678.php#ixzz2ugyAIbDV\" style=\"margin: 0px; padding: 0px; border: none; outline: none; color: rgb(0, 51, 153); background-position: 0px 0px; background-repeat: no-repeat no-repeat;\">http://www.mhealth.ru/blog/Dimakrat/24678.php#ixzz2ugyAIbDV</a><br></p>','2014-03-01 07:01:09',1,4,1,'ru'),(17,'6 ПРИНЦИПОВ СПОРТИВНОГО ПИТАНИЯ','<h1>6 ПРИНЦИПОВ СПОРТИВНОГО ПИТАНИЯ</h1><p>Эти правила подходят всем, чей индекс массы тела (ИМТ, подробности и формулы расчета легко найти в интернете) ниже нормы или проходит по ее нижнему краю. Вне зависимости от комплекции, роста и веса.</p><p>Теги:&nbsp;<a href=\"http://www.mhealth.ru/tag/sportivnoe-pitanie/\" style=\"margin: 0px; padding: 0px; border: none; outline: none; color: rgb(0, 146, 215); background-position: 0px 0px; background-repeat: no-repeat no-repeat;\">Спортивное питание</a></p><p>ПРИНЦИП 1</p><p><b>Всегда комбинируй белки с углеводами</b></p><p>Именно такая комбинация наиболее эффективно повышает уровень инсулина в крови, а этот гормон крайне полезен для набора веса. Смешивай углеводы и белки каждый раз, когда ешь. Утром съешь творожную запеканку, зажуй ее апельсинами и запей сладким чаем. После тренировки съешь кисть бананов и влей следом полуторную порцию гейнера. В течение дня давись макаронами с говядиной или курицей. Раз в неделю закажи себе пиццу и сжуй ее всю, запивая сладкой газировкой, — иногда и это можно. Надо приучить себя есть строго каждые 3 часа — столько, сколько влезет. Не волнуйся: больше, чем нужно, не съешь. Первые неделю-две, возможно, даже наберешь немного жира, но потом организм адаптируется и будет требовать от тебя столько еды, сколько ему необходимо для эффективного роста. Чтобы успешно придерживаться этого режима питания, придется всегда (ВСЕГДА!) носить еду с собой, куда бы ты ни шел.</p><p>ПРИНЦИП 2</p><p><b>Завтракай через силу</b></p><p>Хочешь или нет — завтракай, и завтракай плотно! Методом проб и ошибок найди продукт, который будет давать тебе достаточно белка и калорий, даже если ты совсем не голоден и не можешь съесть много. Для меня это яичница из одних белков с грудкой и помидорами или творожная запеканка — много не съешь, но очень сытно и полезно.</p><p><img src=\"http://www.mhealth.ru/upload/2012/MH/02/176-11.jpg\" border=\"0\" width=\"0\" height=\"0\" style=\"margin: 0px; padding: 0px; outline: none; display: none !important; visibility: hidden !important; opacity: 0 !important; background-position: 550px 400px; background-repeat: no-repeat no-repeat;\"></p><p>ПРИНЦИП 3</p><p><b>Купи протеиновые батончики</b></p><p>Испытывать даже намеки на чувство голода для «дрыща» — преступление. Если почувствовал сосание под ложечкой в перерывах между едой — дави его батончиками. Они&nbsp;— прекрасный пример эффективной комбинации углеводов и белков, к тому же очень удобный. Не каждый согласится по-качковски гордо у всех на глазах выпить порцию гейнера, а вот сжевать якобы шоколадку — сколько угодно!</p><p>ПРИНЦИП 4</p><p><b>Ешь сладкое</b></p><p>Когда вес категорически не желает увеличиваться, можно прибегнуть к варварскому, но эффективному методу: попробуй заедать каждый (!) прием пищи, кроме завтрака, зефиром без шоколада или пастилой. Инсулин мгновенно взлетит к потолку, и ты усвоишь практически все, что только что съел. Данный прием позволял мне за&nbsp;3-4&nbsp;дня с легкостью набирать&nbsp;3-5&nbsp;дополнительных килограммов перед соревнованиями, одно­временно ненадолго увеличивая силовые показатели. Применять зефир-терапию можно не чаще, чем раз в 2 месяца, и не дольше недели. И если в роду есть диабетики, этот прием не для тебя.</p><p>ПРИНЦИП 5</p><p><b>Ешь на ночь</b></p><p>Ночь — ужасное время: целых восемь часов без еды! Позволить себе такое нельзя ни в коем случае. За час до отбоя обязательно плотно поешь. Но правильно — только легкоусвояемые белки и клетчатку. Отличный вариант — рыба с овощами. Догонись легкими углеводами — фрукты, пара кусков хлеба. Кстати, хлеб, как и любая выпечка в принципе, прекрасная «инсулиновая» добавка к обычной еде. Ее, в отличие от зефира, можно есть постоянно.</p><p>ПРИНЦИП 6</p><p><b>Пей гейнер до и после тренировки</b></p><p>Фактически это будет означать двойную дозу в течение трех часов, но ничего — зато тренировка пройдет на высочайшем уровне, плюс никакого катаболизма и мучительного чувства голода под конец тренировки. Выбирай гейнер с повышенным содержанием белка, ведь до двадцати процентов энергетического обеспечения на тренировке осуществляется именно за счет него!</p><p><i>Фото: Eastnews</i></p><p><a name=\"cut\" style=\"margin: 0px; padding: 0px; border: none; outline: none; color: rgb(0, 146, 215); background-position: 0px 0px; background-repeat: no-repeat no-repeat;\"></a><br><br>Читать всё:&nbsp;<a href=\"http://www.mhealth.ru/blog/Dimakrat/24678.php#ixzz2ugyAIbDV\" style=\"margin: 0px; padding: 0px; border: none; outline: none; color: rgb(0, 51, 153); background-position: 0px 0px; background-repeat: no-repeat no-repeat;\">http://www.mhealth.ru/blog/Dimakrat/24678.php#ixzz2ugyAIbDV</a><br></p>','2014-03-01 07:01:09',1,4,1,'ru'),(18,'Что нам готовит сноубординг','<h3><a href=\"http://snow-b.blogspot.ru/2012/11/chto-nam-gotovit-snowbording.html\" style=\"text-decoration: none; color: rgb(221, 119, 0);\"></a></h3><h1><span style=\"font-size: 24px; line-height: 30px;\">«Надел куртку и штаны, натянул на голову очки, стал на сноуборд, застегнул ремни и вниз полетел с горы»</span><br></h1><p>Вот выпал снег, наконец-то можно взять свой любимый сноуборд и поехать на горнолыжный комплекс, скатиться по заснеженному склону. Для кого-то это стиль жизни, для кого вообще не познанный вид деятельности. Это вид спорта заслуживает внимание. Ведь катаясь на сноуборде, вы получаете:<br>- пребывание на свежем воздухе<br>&nbsp;-хороший прилив адреналина, тем более<br>- если вы не умете кататься<br>-закалку организма, вы же не в плюс 25 катаетесь<br>Для того, что бы кататься на сноуборде, одно хотения не достаточно.<br>Во - первых необходимо подобрать правильную одежду для катания,<br>Во - вторых - прочитать хотя бы пару советов по тому, как правильно&nbsp;<a href=\"http://snow-b.blogspot.com/\" target=\"_blank\" style=\"text-decoration: none; color: rgb(221, 119, 0);\">кататься на сноуборде</a>.<br>В- третьих необходимо подобрать себе правильный сноуборд под Ваш рост и стиль катания. Для изучения техники катания и подробной информации о сноубординге вы можете посетить мой блог, и узнать больше о том: -как не промочить себе пятую точку -где лучше кататься на сноуборде и многое другое.</p><p></p>','2014-03-01 07:03:23',1,5,1,'ru'),(19,'Катание на сноуборде.','<div><div><a href=\"http://2.bp.blogspot.com/-pAAZ8yI9DEw/UJ6e99Pyp1I/AAAAAAAAAfc/dQ9r5naa_iA/s1600/%D1%81%D0%BD%D0%B5%D0%B3.jpg\" imageanchor=\"1\" style=\"text-decoration: none; color: rgb(221, 119, 0); margin-left: 1em; margin-right: 1em;\"><img alt=\"Sneg v Minske\" border=\"0\" height=\"640\" src=\"http://2.bp.blogspot.com/-pAAZ8yI9DEw/UJ6e99Pyp1I/AAAAAAAAAfc/dQ9r5naa_iA/s640/%D1%81%D0%BD%D0%B5%D0%B3.jpg\" title=\"Снег в Минске\" width=\"640\" style=\"position: relative; margin: 0px !important; padding: 0px !important;\"></a><p></p><p>«Взяв свой сноуборд, надев очки и перчатки, стану на снежную трассу, скачусь по спуску я вниз…» &nbsp;Zayats.a.v</p><p><br><a name=\"more\"></a></p><p></p><div><a href=\"http://4.bp.blogspot.com/-LdQrmuqznCg/UJ6gioIuZ5I/AAAAAAAAAfk/OZ6pGu-XbWc/s1600/3073485075_f6efae25c1.jpg\" imageanchor=\"1\" style=\"text-decoration: none; color: rgb(221, 119, 0); margin-left: 1em; margin-right: 1em;\"><img alt=\"Katanie na snouborde po lesu\" border=\"0\" height=\"640\" src=\"http://4.bp.blogspot.com/-LdQrmuqznCg/UJ6gioIuZ5I/AAAAAAAAAfk/OZ6pGu-XbWc/s640/3073485075_f6efae25c1.jpg\" title=\"Катание на сноуборде по лесу.\" width=\"428\" style=\"position: relative; margin: 0px !important; padding: 0px !important;\"></a><p></p>На улице сыро и мокро, но я надеюсь, что скоро выпадет хороший, пушистый снег, и мы как малые дети будем радоваться приходу долгожданной зимы в Беларусь, а точнее в Минск. Будит лежать снег на улицах, будем играть в снежки и лепить снежную бабу. А еще выпавший снег будет означает,&nbsp; что наконец-то начался сезон катания на сноуборде. Мы станем на любимые доски, и будем кататься по нетронутому снег. И будем надеться, что зима в этом году будет благоприятной для этого вида спорта. Хотя если мы будем кататься на наших горнолыжных комплексах, нам наверняка&nbsp; не получиться спуститься по уже выше озвученному нетронутому снегу.<br><p><a href=\"http://1.bp.blogspot.com/-XuoRpzOKPuw/UJ6h8gCwC_I/AAAAAAAAAf0/i7Zyhy7oLsk/s1600/112345%D0%B5%D0%BF%D0%B0%D0%BA%D1%83.jpg\" imageanchor=\"1\" style=\"text-decoration: none; color: rgb(221, 119, 0); margin-left: 1em; margin-right: 1em;\"><img alt=\"Spusk po sklonu\" border=\"0\" height=\"480\" src=\"http://1.bp.blogspot.com/-XuoRpzOKPuw/UJ6h8gCwC_I/AAAAAAAAAf0/i7Zyhy7oLsk/s640/112345%D0%B5%D0%BF%D0%B0%D0%BA%D1%83.jpg\" title=\"Спуск по склону\" width=\"640\" style=\"position: relative; margin: 0px !important; padding: 0px !important;\"></a></p><br>&nbsp;А вот если мы поедим в Альпы&nbsp; или Карпаты, то там точно сможем это испытать. Прокатиться на сноуборде может каждый достаточно только захотеть. Хотя, кому- то может не понравиться, т.к. душа лежит больше к лыжам.<br><p><a href=\"http://1.bp.blogspot.com/-1_jTjIMTqNM/UJ6hzRZ3D5I/AAAAAAAAAfs/_3spsnIfgwE/s1600/eded.jpg\" imageanchor=\"1\" style=\"text-decoration: none; color: rgb(221, 119, 0); margin-left: 1em; margin-right: 1em;\"><img alt=\"Lyzhi dlja katanija\" border=\"0\" height=\"384\" src=\"http://1.bp.blogspot.com/-1_jTjIMTqNM/UJ6hzRZ3D5I/AAAAAAAAAfs/_3spsnIfgwE/s640/eded.jpg\" title=\"Лыжи для катания \" width=\"640\" style=\"position: relative; margin: 0px !important; padding: 0px !important;\"></a></p><br>Но лично я не&nbsp;<a href=\"http://snow-b.blogspot.com/2012/11/kak-nauchitsja-katatsja-na-snouborde.html\" target=\"_blank\" style=\"text-decoration: none; color: rgb(221, 119, 0);\">умею кататься</a>&nbsp;на лыжах, постоянно запутываюсь в этих многочисленных палках, лыжах и падаю. Мне проще и лучше, встать на одну доску и поехать вниз по склону.</div></div></div>','2014-02-28 19:00:00',1,5,1,'ru'),(20,'VK spam','<p>The PAGES - Past Global Changes project is an international effort to coordinate and promote past global change research. PAGES mission is to improve our understanding of past changes in the Earth System in a quantitative and process-oriented way in order to improve projections of future climate and environment, and inform strategies for sustainability.<br></p>','2014-03-18 19:47:56',1,6,1,'en');
/*!40000 ALTER TABLE `blog_posts` ENABLE KEYS */;
UNLOCK TABLES;

--
-- Table structure for table `custom_fields`
--

DROP TABLE IF EXISTS `custom_fields`;
/*!40101 SET @saved_cs_client     = @@character_set_client */;
/*!40101 SET character_set_client = utf8 */;
CREATE TABLE `custom_fields` (
  `id` int(10) unsigned NOT NULL AUTO_INCREMENT,
  `field_key` varchar(100) NOT NULL,
  `value` varchar(300) NOT NULL,
  `title` varchar(100) NOT NULL,
  `lang` varchar(2) NOT NULL DEFAULT 'ru',
  PRIMARY KEY (`id`)
) ENGINE=InnoDB AUTO_INCREMENT=129 DEFAULT CHARSET=utf8;
/*!40101 SET character_set_client = @saved_cs_client */;

--
-- Dumping data for table `custom_fields`
--

LOCK TABLES `custom_fields` WRITE;
/*!40000 ALTER TABLE `custom_fields` DISABLE KEYS */;
INSERT INTO `custom_fields` VALUES (1,'а','Привет','Привет','ru'),(2,'indexPageTextBelowTitle','Продвижение вашего бизнеса посредством социальных медиа От Федерации футбола Украины поступило письмо относительно обращения МВД Украины о передаче начала весенней части соревнований ПЛ на более поздний срок, информирует сайт УПЛ.  В связи с этим Дирекция Премьер-лиги постановила перенести начало ве','Текст в баннере сверху','ru'),(3,'contactWithUs','Связаться с нами','текст на кнопке Связаться с нами','ru'),(4,'ownStrongSides','Работая с нами вы получаете','Наши преимущества','ru'),(5,'ownWorksTitle','Наши работы','заголовок `Наши работы`','ru'),(6,'clientsReviewTitle','Отзывы клиентов','заголовок `Отзывы`','ru'),(7,'phoneOnHeader','+38 (095) 742-88-51','phoneOnHeader','ru'),(8,'emailOnHeader','seredun94@gmail.com','Почта вверху','ru'),(9,'bookServiceNowTitle','Закажите услугу прямо сейчас','Текст над розовой кнопкой в футере','ru'),(10,'vkLink','http://vk.com/dvizhuha_net','ccылка на vk','ru'),(11,'phoneOnFooter','+38 (095) 742-88-51','Телефон в футере','ru'),(12,'emailOnFooter','seredun94@gmail.com','Емейл в футере','ru'),(13,'subscribeOnEmailsTitle','Подпишитесь на рассылку','Подписка на рассылку','ru'),(14,'subscribeLinkOnFooter','http://futurity.us3.list-manage.com/subscribe?u=81d6f7a8cf84b15233dfd6f33&id=1fdaccc3ca','Линки подписки на рассылку в футере','ru'),(15,'facebookLink','http://www.facebook.com/dvizhuha','Ссылка на Фейсбук','ru'),(16,'youtubeLink','http://www.youtube.com/channel/UCqhLIDP1doPBRu_b0HoWbBA','Ссылка на Youtube','ru'),(17,'piLink','http://www.pinterest.com/seredun94/','RU Ссылка Пинтерест','ru'),(18,'instagrammLink','http://instagram.com/seredun94','RU Ссылка на Инстаграм','ru'),(19,'InSocialLink','InSocialLink','InSocialLink','ru'),(20,'ssSocialLink','ssSocialLink','ssSocialLink','ru'),(21,'vimeoLink','http://vimeo.com/user26123289','RU Ссылка Вимео','ru'),(22,'twitterSocialLink','twitterSocialLink','twitterSocialLink','ru'),(23,'odnoklassnikiSocialLink','http://www.odnoklassniki.ru/group/53065649684580','Ссылка на Одноклассники','ru'),(24,'copyRightOnFooter','© 2013-2014 SMM-агенство \"Движуха\"','Копирайт','ru'),(25,'indexPageTitle','Promoting Your Business on Social Networks','EN Заголовок в хедере','en'),(26,'indexPageTextBelowTitle','Promote your business through social media from the Football Federation of Ukraine received a letter','EN Текст в хедере','en'),(27,'contactWithUs','Contact us','EN Связаться с нами','en'),(28,'ownStrongSides','Working with us you get','EN Наши сильные стороны','en'),(29,'ownWorksTitle','Our works','EN Наши работы','en'),(30,'clientsReviewTitle','Client reviews','EN Отзывы клиентов','en'),(31,'phoneOnHeader','+38 (095) 742-88-51','EN Телефон в хедере','en'),(32,'emailOnHeader','seredun94@gmail.com','EN Email в хедере ','en'),(33,'bookServiceNowTitle','Book a service now','EN Закажите услугу','en'),(34,'vkLink','http://vk.com/dvizhuha_net','EN Ссылка на Вконтакте','en'),(35,'phoneOnFooter','+38 (095) 742-88-51','EN Телефон в футере','en'),(36,'emailOnFooter','seredun94@gmail.com','EN Email в футере','en'),(37,'subscribeOnEmailsTitle','Subscribe to our newsletter','EN Подписка на рассылку','en'),(38,'subscribeLinkOnFooter','Subscribe to our newsletter','EN Подписка на рассылку','en'),(39,'facebookLink','http://www.facebook.com/dvizhuha','EN Ссылка на Фейсбук','en'),(40,'youtubeLink','http://www.youtube.com/channel/UCqhLIDP1doPBRu_b0HoWbBA','EN ссылка на Ютуб','en'),(41,'piLink','piLink','piLink','en'),(42,'instagrammLink','instagrammLink','instagrammLink','en'),(43,'InSocialLink','InSocialLink','InSocialLink','en'),(44,'ssSocialLink','ssSocialLink','ssSocialLink','en'),(45,'vimeoLink','vimeoLink','vimeoLink','en'),(46,'twitterSocialLink','twitterSocialLink','twitterSocialLink','en'),(47,'odnoklassnikiSocialLink','http://www.odnoklassniki.ru/group/53065649684580','EN Ссылка на Одноклассники','en'),(48,'copyRightOnFooter','© 2013-2014 SMM-agency \"Dvizhuha\"','EN Копирайт','en'),(49,'indexPageTitle','Просування вашого бізнесу в соціальних мережах','UA Заголовок в хедере','uk'),(50,'indexPageTextBelowTitle','Просування вашого бізнесу за допомогою соціальних медіа Від Федерації футболу України надійшов лист ','UA Текст в хедере','uk'),(51,'contactWithUs','Зв\'язатися з нами','UA Связаться с нами','uk'),(52,'ownStrongSides','Працюючи з нами ви отримуєте','UA Наши сильные стороны','uk'),(53,'ownWorksTitle','Наші роботи','UA Наши работы','uk'),(54,'clientsReviewTitle','Відгуки клієнтів','UA Отзывы клиентов','uk'),(55,'phoneOnHeader','+38 (095) 742-88-51','UA Телефон в хедере','uk'),(56,'emailOnHeader','seredun94@gmail.com','UA Email в хедере','uk'),(57,'bookServiceNowTitle','Замовте послугу прямо зараз','UA Закажите услугу прямо сейчас','uk'),(58,'vkLink','http://vk.com/dvizhuha_net','UA Ссылка на ВК','uk'),(59,'phoneOnFooter','+38 (095) 742-88-51','UA Телефон в футере','uk'),(60,'emailOnFooter','seredun94@gmail.com','UA Email в футере','uk'),(61,'subscribeOnEmailsTitle','Підпишіться на розсилку','UA Подписка на рассылку','uk'),(62,'subscribeLinkOnFooter','http://futurity.us3.list-manage.com/subscribe?u=81d6f7a8cf84b15233dfd6f33&id=1fdaccc3ca','subscribeLinkOnFooter','uk'),(63,'facebookLink','http://www.facebook.com/dvizhuha','UA Ссылка на Фейсбук','uk'),(64,'youtubeLink','http://www.youtube.com/channel/UCqhLIDP1doPBRu_b0HoWbBA','UA ссылка на Ютуб','uk'),(65,'piLink','piLink','piLink','uk'),(66,'instagrammLink','instagrammLink','instagrammLink','uk'),(67,'InSocialLink','InSocialLink','InSocialLink','uk'),(68,'ssSocialLink','ssSocialLink','ssSocialLink','uk'),(69,'vimeoLink','vimeoLink','vimeoLink','uk'),(70,'twitterSocialLink','twitterSocialLink','twitterSocialLink','uk'),(71,'odnoklassnikiSocialLink','http://www.odnoklassniki.ru/group/53065649684580','UA ссылка на Одноклассники','uk'),(72,'copyRightOnFooter','© 2013-2014 SMM-агенство \"Движуха\"','UA Копирайт','uk'),(73,'contactWithUsLink','contactWithUsLink','contactWithUsLink','ru'),(74,'contactWithUsTitle','Свяжитесь с нами','заголовок \'Свяжитесь с нами\'','ru'),(75,'contactWithUsText','Мы свяжемся с вами в течении суток','Текст на странице обратной формы','ru'),(76,'fieldRequiredForFillingText','Поля, отмеченные звёздочками обязательны для заполнения','fieldRequiredForFillingText','ru'),(77,'contactWithUsTitle','Зв\'яжіться з нами ','UA Заголовок Обратная форма','uk'),(78,'contactWithUsText','Ми зв\'яжемося з вами на протязі доби','UA Текст Обратная форма','uk'),(79,'fieldRequiredForFillingText','обов\'язкові поля','UA Обязательные поля','uk'),(80,'phoneOnHeader','phoneOnHeader','phoneOnHeader',''),(81,'emailOnHeader','emailOnHeader','emailOnHeader',''),(82,'bookServiceNowTitle','bookServiceNowTitle','bookServiceNowTitle',''),(83,'contactWithUs','contactWithUs','contactWithUs',''),(84,'phoneOnFooter','phoneOnFooter','phoneOnFooter',''),(85,'emailOnFooter','emailOnFooter','emailOnFooter',''),(86,'subscribeOnEmailsTitle','subscribeOnEmailsTitle','subscribeOnEmailsTitle',''),(87,'subscribeLinkOnFooter','subscribeLinkOnFooter','subscribeLinkOnFooter',''),(88,'vkLink','vkLink','vkLink',''),(89,'facebookLink','facebookLink','facebookLink',''),(90,'youtubeLink','youtubeLink','youtubeLink',''),(91,'piLink','piLink','piLink',''),(92,'instagrammLink','instagrammLink','instagrammLink',''),(93,'InSocialLink','InSocialLink','InSocialLink',''),(94,'ssSocialLink','ssSocialLink','ssSocialLink',''),(95,'vimeoLink','vimeoLink','vimeoLink',''),(96,'twitterSocialLink','twitterSocialLink','twitterSocialLink',''),(97,'odnoklassnikiSocialLink','odnoklassnikiSocialLink','odnoklassnikiSocialLink',''),(98,'copyRightOnFooter','copyRightOnFooter','copyRightOnFooter',''),(99,'indexPageTitle','indexPageTitle','indexPageTitle',''),(100,'indexPageTextBelowTitle','indexPageTextBelowTitle','indexPageTextBelowTitle',''),(101,'ownStrongSides','ownStrongSides','ownStrongSides',''),(102,'ownWorksTitle','ownWorksTitle','ownWorksTitle',''),(103,'clientsReviewTitle','clientsReviewTitle','clientsReviewTitle',''),(104,'contactWithUsTitle','Contact Us','EN Заголовок обратной связи','en'),(105,'contactWithUsText','We will contact you during the day','EN Текст обратной связи','en'),(106,'fieldRequiredForFillingText','mandatory fields','EN Обязательные поля','en'),(107,'indexPageTitle','Продвижение вашего бизнеса в социальных сетях','Заголовок в баннере сверху','ru'),(108,'googlePlusSocialLink','https://plus.google.com/b/112757744754935687616/112757744754935687616','Ссылка на Google +','ru'),(109,'googlePlusSocialLink','http://plus.google.com/b/112757744754935687616/112757744754935687616','EN Ссылка на Google +','en'),(110,'googlePlusSocialLink','http://plus.google.com/b/112757744754935687616/112757744754935687616','UA Ссылка на Google + ','uk'),(111,'madeInFuturity','Сделано в Futurity','madeInFuturity','ru'),(112,'madeInFuturity','made In Futurity','madeInFuturity','en'),(113,'madeInFuturity','Зроблено в Futurity','madeInFuturity','uk'),(114,'contactFormName','contactFormName','contactFormName','uk'),(115,'contactFormEmail','contactFormEmail','contactFormEmail','uk'),(116,'contactFormTitle','contactFormTitle','contactFormTitle','uk'),(117,'contactFormPhone','contactFormPhone','contactFormPhone','uk'),(118,'contactFormMessage','contactFormMessage','contactFormMessage','uk'),(119,'contactFormName','* Имя','Поле \"Имя\" в форме контактов','ru'),(120,'contactFormEmail','* E-mail','contactFormEmail','ru'),(121,'contactFormTitle','* Тема','contactFormTitle','ru'),(122,'contactFormPhone','* Телефон','contactFormPhone','ru'),(123,'contactFormMessage','* Сообщение','contactFormMessage','ru'),(124,'contactFormName','* Name','contactFormName','en'),(125,'contactFormEmail','* E-mail','contactFormEmail','en'),(126,'contactFormTitle','* Subject','contactFormTitle','en'),(127,'contactFormPhone','* Phone','contactFormPhone','en'),(128,'contactFormMessage','* Message','contactFormMessage','en');
/*!40000 ALTER TABLE `custom_fields` ENABLE KEYS */;
UNLOCK TABLES;

--
-- Table structure for table `menu`
--

DROP TABLE IF EXISTS `menu`;
/*!40101 SET @saved_cs_client     = @@character_set_client */;
/*!40101 SET character_set_client = utf8 */;
CREATE TABLE `menu` (
  `id` int(10) unsigned NOT NULL AUTO_INCREMENT,
  `name` varchar(100) NOT NULL,
  `lang` varchar(2) NOT NULL,
  `menu_key` varchar(50) NOT NULL,
  PRIMARY KEY (`id`)
) ENGINE=InnoDB AUTO_INCREMENT=10 DEFAULT CHARSET=utf8;
/*!40101 SET character_set_client = @saved_cs_client */;

--
-- Dumping data for table `menu`
--

LOCK TABLES `menu` WRITE;
/*!40000 ALTER TABLE `menu` DISABLE KEYS */;
INSERT INTO `menu` VALUES (1,'меню в хеадере','ru','header'),(2,'меню в футере','ru','footer'),(3,'EN меню в хедере','en','header'),(7,'EN меню в футере','en','footer'),(8,'UA Меню в хедере','uk','header'),(9,'UA Меню в футере','uk','footer');
/*!40000 ALTER TABLE `menu` ENABLE KEYS */;
UNLOCK TABLES;

--
-- Table structure for table `menu_item`
--

DROP TABLE IF EXISTS `menu_item`;
/*!40101 SET @saved_cs_client     = @@character_set_client */;
/*!40101 SET character_set_client = utf8 */;
CREATE TABLE `menu_item` (
  `id` int(10) unsigned NOT NULL AUTO_INCREMENT,
  `url` varchar(1000) NOT NULL,
  `title` varchar(100) NOT NULL,
  `order` int(10) unsigned NOT NULL,
  `visible` int(1) unsigned NOT NULL DEFAULT '1',
  `menu_id` int(10) unsigned NOT NULL,
  PRIMARY KEY (`id`),
  KEY `menu_id` (`menu_id`),
  CONSTRAINT `menu_item_ibfk_1` FOREIGN KEY (`menu_id`) REFERENCES `menu` (`id`) ON DELETE CASCADE ON UPDATE CASCADE
) ENGINE=InnoDB AUTO_INCREMENT=77 DEFAULT CHARSET=utf8;
/*!40101 SET character_set_client = @saved_cs_client */;

--
-- Dumping data for table `menu_item`
--

LOCK TABLES `menu_item` WRITE;
/*!40000 ALTER TABLE `menu_item` DISABLE KEYS */;
INSERT INTO `menu_item` VALUES (2,'/kejsy','Кейсы',2,1,1),(4,'/o-nas','О нас',1,1,1),(5,'/uslugi','Услуги',4,1,1),(6,'/blog','Блог',5,1,1),(20,'/kontakty','Контакты',6,1,1),(32,'/tarify','Тарифы',3,1,1),(33,'/blog','Блог',5,1,2),(34,'/uslugi','Услуги',3,1,2),(47,'/o-nas','О нас',1,1,2),(48,'/kejsy','Кейсы',2,1,2),(49,'/kontakty','Контакты',6,1,2),(50,'/tarify','Тарифы',4,1,2),(51,'/poslugi','Послуги',4,1,8),(53,'/blog','Блог',5,1,8),(55,'/pro-nas','Про нас',1,1,8),(57,'/taryfy','Тарифи',3,1,8),(58,'/kejsy','Кейси',2,1,8),(59,'/kontaktu','Контакти',6,1,8),(60,'/about-us','About us',1,1,3),(61,'/portfolio','Portfolio',2,1,3),(62,'/tariffs','Tariffs',3,1,3),(63,'/services','Services',4,1,3),(64,'/blog','Blog',5,1,3),(66,'/contacts','Contacts',6,1,3),(67,'/about-us','About us',1,1,7),(68,'/portfolio','Portfolio',2,1,7),(69,'/tariffs','Tariffs',3,1,7),(70,'/services','Services',4,1,7),(71,'/blog','Blog',5,1,7),(72,'/contacts','Contacts',6,1,7),(73,'/ukr','Украинский',1,1,9);
/*!40000 ALTER TABLE `menu_item` ENABLE KEYS */;
UNLOCK TABLES;

--
-- Table structure for table `meta`
--

DROP TABLE IF EXISTS `meta`;
/*!40101 SET @saved_cs_client     = @@character_set_client */;
/*!40101 SET character_set_client = utf8 */;
CREATE TABLE `meta` (
  `id` varchar(50) NOT NULL,
  `title` varchar(100) DEFAULT NULL,
  `description` text,
  `keywords` text,
  `cm_head` text,
  `cm_after_open_body` text,
  `cm_before_close_body` text,
  `cm_footer` text,
  `meta_template_title` text,
  `meta_template_description` text,
  `meta_template_keywords` text,
  `redirects` text,
  `lang` varchar(2) NOT NULL,
  `admin_email` varchar(50) DEFAULT NULL,
  PRIMARY KEY (`id`)
) ENGINE=InnoDB DEFAULT CHARSET=utf8;
/*!40101 SET character_set_client = @saved_cs_client */;

--
-- Dumping data for table `meta`
--

LOCK TABLES `meta` WRITE;
/*!40000 ALTER TABLE `meta` DISABLE KEYS */;
INSERT INTO `meta` VALUES ('Движуха','Главная','1234','1234','<!-- Start SiteHeart code -->\r\n<script>\r\n(function(){\r\nvar widget_id = 680568;\r\n_shcp =[{widget_id : widget_id}];\r\nvar lang =(navigator.language || navigator.systemLanguage \r\n|| navigator.userLanguage ||\"en\")\r\n.substr(0,2).toLowerCase();\r\nvar url =\"widget.siteheart.com/widget/sh/\"+ widget_id +\"/\"+ lang +\"/widget.js\";\r\nvar hcc = document.createElement(\"script\");\r\nhcc.type =\"text/javascript\";\r\nhcc.async =true;\r\nhcc.src =(\"https:\"== document.location.protocol ?\"https\":\"http\")\r\n+\"://\"+ url;\r\nvar s = document.getElementsByTagName(\"script\")[0];\r\ns.parentNode.insertBefore(hcc, s.nextSibling);\r\n})();\r\n</script>\r\n<!-- End SiteHeart code -->','<script>\r\nconsole.log(\'after open body\');\r\n</script>\r\n','<script>\r\nconsole.log(\'before close body\');\r\n</script>\r\n','<script>\r\nconsole.log(\'footer\');\r\n</script>','Движуха - {page-title} ','Движуха портал о всякой движухе {page-description} ','двигать, солнце, ещё одно ключевое слово {page-keywords} ',NULL,'',NULL),('Движуха(en)','','','','','','','<!-- Start SiteHeart code -->\r\n<script>\r\n(function(){\r\nvar widget_id = 680568;\r\n_shcp =[{widget_id : widget_id}];\r\nvar lang =(\"en\")\r\n.substr(0,2).toLowerCase();\r\nvar url =\"widget.siteheart.com/widget/sh/\"+ widget_id +\"/\"+ lang +\"/widget.js\";\r\nvar hcc = document.createElement(\"script\");\r\nhcc.type =\"text/javascript\";\r\nhcc.async =true;\r\nhcc.src =(\"https:\"== document.location.protocol ?\"https\":\"http\")\r\n+\"://\"+ url;\r\nvar s = document.getElementsByTagName(\"script\")[0];\r\ns.parentNode.insertBefore(hcc, s.nextSibling);\r\n})();\r\n</script>\r\n<!-- End SiteHeart code -->','','','','','en',''),('Движуха(ru)','Главная','Движуха сайт о движухе','движуха, кипарис, {page-keywords}','<meta name=\"google-site-verification\" content=\"k0l2IAKoPXZVixT7mW-NAhZpU4SnQNlSAGjpA7cK0W8\" />\r\n\r\n<meta name=\'yandex-verification\' content=\'7fc3f0486df687e5\' />\r\n\r\n<meta name=\"p:domain_verify\" content=\"0547b273a04ac50dd1119f2541bc780e\"/>','','','<!-- Start SiteHeart code -->\r\n<script>\r\n(function(){\r\nvar widget_id = 680568;\r\n_shcp =[{widget_id : widget_id}];\r\nvar lang =(navigator.language || navigator.systemLanguage \r\n|| navigator.userLanguage ||\"en\")\r\n.substr(0,2).toLowerCase();\r\nvar url =\"widget.siteheart.com/widget/sh/\"+ widget_id +\"/\"+ lang +\"/widget.js\";\r\nvar hcc = document.createElement(\"script\");\r\nhcc.type =\"text/javascript\";\r\nhcc.async =true;\r\nhcc.src =(\"https:\"== document.location.protocol ?\"https\":\"http\")\r\n+\"://\"+ url;\r\nvar s = document.getElementsByTagName(\"script\")[0];\r\ns.parentNode.insertBefore(hcc, s.nextSibling);\r\n})();\r\n</script>\r\n<!-- End SiteHeart code -->','Движуха','Движуха - описание {page-description}','','','ru','razbakov.aleksey@gmail.com'),('Движуха(uk)','','','','','','','<!-- Start SiteHeart code -->\r\n<script>\r\n(function(){\r\nvar widget_id = 680568;\r\n_shcp =[{widget_id : widget_id}];\r\nvar lang =(\"uk\")\r\n.substr(0,2).toLowerCase();\r\nvar url =\"widget.siteheart.com/widget/sh/\"+ widget_id +\"/\"+ lang +\"/widget.js\";\r\nvar hcc = document.createElement(\"script\");\r\nhcc.type =\"text/javascript\";\r\nhcc.async =true;\r\nhcc.src =(\"https:\"== document.location.protocol ?\"https\":\"http\")\r\n+\"://\"+ url;\r\nvar s = document.getElementsByTagName(\"script\")[0];\r\ns.parentNode.insertBefore(hcc, s.nextSibling);\r\n})();\r\n</script>\r\n<!-- End SiteHeart code -->','','','','','uk','');
/*!40000 ALTER TABLE `meta` ENABLE KEYS */;
UNLOCK TABLES;

--
-- Table structure for table `pages`
--

DROP TABLE IF EXISTS `pages`;
/*!40101 SET @saved_cs_client     = @@character_set_client */;
/*!40101 SET character_set_client = utf8 */;
CREATE TABLE `pages` (
  `id` int(10) unsigned NOT NULL AUTO_INCREMENT,
  `cm_before_content` text,
  `cm_after_content` text,
  `root` int(10) unsigned NOT NULL DEFAULT '0',
  `lft` int(10) unsigned NOT NULL,
  `rgt` int(10) unsigned NOT NULL,
  `level` int(10) unsigned NOT NULL,
  `parent_id` int(10) unsigned NOT NULL DEFAULT '0',
  `slug` varchar(127) NOT NULL,
  `layout` varchar(15) DEFAULT NULL,
  `is_published` tinyint(1) unsigned NOT NULL DEFAULT '1',
  `page_title` varchar(255) NOT NULL,
  `content` text NOT NULL,
  `meta_title` varchar(255) NOT NULL,
  `meta_description` varchar(255) NOT NULL,
  `meta_keywords` varchar(255) NOT NULL,
  `type` tinyint(4) NOT NULL DEFAULT '0' COMMENT '0 -page, 1 - folder',
  `lang` varchar(2) NOT NULL DEFAULT 'ru',
  `redirects` text,
  `module` varchar(50) DEFAULT NULL,
  PRIMARY KEY (`id`),
  KEY `root` (`root`),
  KEY `lft` (`lft`),
  KEY `rgt` (`rgt`),
  KEY `level` (`level`)
) ENGINE=InnoDB AUTO_INCREMENT=53 DEFAULT CHARSET=utf8;
/*!40101 SET character_set_client = @saved_cs_client */;

--
-- Dumping data for table `pages`
--

LOCK TABLES `pages` WRITE;
/*!40000 ALTER TABLE `pages` DISABLE KEYS */;
INSERT INTO `pages` VALUES (32,'','',32,1,14,1,0,'uslugi',NULL,1,'Услуги','<p>Наши SMM-услуги:</p><p><a href=\"http://dvizhuha.net/uslugi/prodvizhenie-youtube\" target=\"\" style=\"line-height: 1.45em;\">Продвижение Youtube</a>&nbsp; от&nbsp;10 000 р.<br>\r\n<a href=\"http://dvizhuha.net/uslugi/seo\" target=\"\" style=\"line-height: 1.45em;\">SEO</a>&nbsp;от 5000 р<br>\r\n<a href=\"http://dvizhuha.net/uslugi/prodvizhenie-v-facebook\" target=\"\" style=\"line-height: 1.45em;\">Продвижение в Facebook</a>&nbsp;от 3000 р.<br>\r\n</p>\r\n','Услуги','','',0,'ru',NULL,''),(33,'','',33,1,2,1,0,'kontakty',NULL,1,'Контакты','<p></p><p><p></p></p><ul><li><span>103009, Россия, Москва, ул. Охотный ряд, д.2, офис 213&nbsp;<br><a href=\"http://smm-stolitsa.ru/contacts/showmap/240211/0\" class=\"blue ymap\" data-host=\"nethouse.ru\" data-lang=\"ru_RU\" style=\"margin: 0px; padding: 0px; border: 0px; font-family: inherit; font-style: inherit; font-variant: inherit; font-weight: inherit; line-height: inherit; vertical-align: baseline; -webkit-transition: color 0.5s, text-decoration; transition: color 0.5s, text-decoration; color: rgb(0, 116, 170) !important;\">Посмотреть на карте</a></span></li><li>+7 (499) 515-30-12</li><li>с 00:00 до 24:00 (ежедневно)</li><li><a href=\"http://www.smm-stolitsa.ru/\" target=\"_blank\" style=\"margin: 0px; padding: 0px; border: 0px; font-family: inherit; font-style: inherit; font-variant: inherit; font-weight: inherit; line-height: inherit; vertical-align: baseline; color: rgb(0, 0, 0); -webkit-transition: color 0.5s, text-decoration; transition: color 0.5s, text-decoration;\">www.smm-stolitsa.ru</a></li><li><a href=\"mailto:info@smm-stolitsa.ru\" style=\"margin: 0px; padding: 0px; border: 0px; font-family: inherit; font-style: inherit; font-variant: inherit; font-weight: inherit; line-height: inherit; vertical-align: baseline; color: rgb(0, 0, 0); -webkit-transition: color 0.5s, text-decoration; transition: color 0.5s, text-decoration;\">info@smm-stolitsa.ru</a></li><li>smm-stolitsa</li></ul>\r\n','Контакты','','',0,'ru',NULL,''),(34,'','<iframe src=\"https://docs.google.com/forms/d/1-r5NhH-_Lvng0mMMckoH49mxFmvuo3hE3daAm7CHNB4/viewform?embedded=true\" width=\"760\" height=\"500\" frameborder=\"0\" marginheight=\"0\" marginwidth=\"0\">Загрузка...</iframe>',32,4,5,2,32,'prodvizhenie-youtube',NULL,1,'Продвижение YouTube','<p></p>\r\n','Продвижение Youtube','','',0,'ru',NULL,''),(35,'<script type=\"text/javascript\" src=\"//vk.com/js/api/openapi.js?105\"></script>\r\n<script type=\"text/javascript\">\r\n  VK.init({apiId: 4222086, onlyWidgets: true});\r\n\r\n(function(d, s, id) {\r\n  var js, fjs = d.getElementsByTagName(s)[0];\r\n  if (d.getElementById(id)) return;\r\n  js = d.createElement(s); js.id = id;\r\n  js.src = \"//connect.facebook.net/ru_RU/all.js#xfbml=1\";\r\n  fjs.parentNode.insertBefore(js, fjs);\r\n}(document, \'script\', \'facebook-jssdk\'));\r\n</script>\r\n\r\n','',35,1,2,1,0,'blog',NULL,1,'Блог','','Блог о движухе','','',0,'ru',NULL,'blog'),(36,'','',36,1,2,1,0,'kejsy',NULL,1,'Кейсы','<p>Кейсы</p>','kejsy','','',0,'ru',NULL,''),(39,'','',39,1,2,1,0,'blog',NULL,1,'Blog','','Blog','','',0,'en',NULL,'Blog'),(40,'','',40,1,4,1,0,'services',NULL,1,'Services','<p><a href=\"http://dvizhuha.net/services/promotion-in-youtube\" target=\"\">Promotion in Youtube</a>&nbsp;<br></p>','SERVICES','','',0,'en',NULL,''),(41,'','',40,2,3,2,40,'promotion-in-youtube',NULL,1,'Promotion in Youtube','<p>The PAGES - Past Global Changes project is an international effort to coordinate and promote past global change research. PAGES mission is to improve our understanding of past changes in the Earth System in a quantitative and process-oriented way in order to improve projections of future climate and environment, and inform strategies for sustainability.<br></p>\r\n','Promotion in Youtube','','',0,'en',NULL,''),(42,'','',42,1,2,1,0,'polsugi',NULL,1,'Полсуги','','Полсуги','','',0,'uk',NULL,''),(43,'','',43,1,2,1,0,'chyasya',NULL,1,'чяся','','чяся','','',0,'uk',NULL,''),(45,'','',45,1,2,1,0,'tarify',NULL,1,'Тарифы','<table id=\"table33988\" class=\"redactor-current-td\">\r\n<tbody>\r\n	\r\n\r\n	<tr>\r\n		<td class=\"\">&nbsp;<b>Начальный&nbsp;</b></td>\r\n\r\n		<td class=\"\">&nbsp;<b>Стабильный&nbsp;</b></td>\r\n\r\n		<td class=\"\">&nbsp;<b>Максимальный</b></td>\r\n	</tr><tr>\r\n		<td class=\"redactor-current-td\">Разработка<br>\r\nи реализация<br>\r\nSMM-стратегии<br>\r\n</td>\r\n\r\n		<td class=\"\">Разработка<br>и реализация<br>SMM-стратегии<br>\r\n</td>\r\n\r\n		<td class=\"\">Разработка<br>и реализация<br>SMM-стратегии<br>\r\n</td>\r\n	</tr><tr>\r\n		<td class=\"\">&nbsp;Разработка дизайнов</td>\r\n\r\n		<td class=\"\">&nbsp;Разработка дизайнов</td>\r\n\r\n		<td class=\"\">&nbsp;Разработка дизайнов</td>\r\n	</tr><tr>\r\n		<td class=\"\">&nbsp;</td>\r\n\r\n		<td class=\"\">&nbsp;</td>\r\n\r\n		<td class=\"\">&nbsp;</td>\r\n	</tr><tr>\r\n		<td class=\"\">&nbsp;</td>\r\n\r\n		<td class=\"\">&nbsp;</td>\r\n\r\n		<td class=\"\">&nbsp;</td>\r\n	</tr>\r\n</tbody>\r\n</table>\r\n','Тарифы','','',0,'ru',NULL,''),(46,'','<script type=\"text/javascript\" src=\"//vk.com/js/api/openapi.js?108\"></script>\r\n\r\n<!-- VK Widget -->\r\n<div id=\"vk_groups\"></div>\r\n<script type=\"text/javascript\">\r\nVK.Widgets.Group(\"vk_groups\", {mode: 0, width: \"220\", height: \"300\", color1: \'FFFFFF\', color2: \'2B587A\', color3: \'5B7FA6\'}, 64714658);\r\n</script>\r\n\r\n',46,1,2,1,0,'o-nas',NULL,1,'О нас','<p>Компания inSMO – одна из первых российских компаний, специализирующихся на маркетинге в социальных медиа и предоставляющих полный комплекс услуг для успешного продвижения вашего бизнеса в социальных сетях.&nbsp;<br>\r\n<br>\r\nSMM-агентство inSMO основано в 2007 году. Нашей целью было выйти на данный рынок и представить действительно качественные SMM услуги в социальных сетях, обеспечивающие разнообразные потребности клиентов. Сегодня в агентстве работают более 100 специалистов в области продвижения в социальных сетях, таргетированной рекламы, медиапланирования и других сферах интернет-маркетинга. Среди клиентов агентства – компании из ближнего и дальнего зарубежья, в их числе крупные банки, продюсерские центры, всемирно известные бренды.</p><p><br></p><p><br></p>','О НАС','','',0,'ru',NULL,''),(47,'','',47,1,2,1,0,'o-nas',NULL,1,'О НАС','','О НАС','','',0,'ru',NULL,''),(48,'','',32,6,7,2,32,'prodvizhenie-v-facebook',NULL,1,' Продвижение в Facebook','<h2>ПРОДВИЖЕНИЕ В FACEBOOK</h2>\r\n\r\n<p>«Facebook» (Фейсбук) носит характер динамично развивающейся социальной сети. По количеству пользователей он занимает второе место в России, отдав первенство сети «ВКонтакте». Количество его участников уже перевалило за отметку 900 миллионов, объединив в себе интеллектуальных пользователей с активной жизненной и социальной позицией, совершающих большое число покупок через всемирную сеть. Число посетителей сайта составляет около 500 миллионов человек в день.&nbsp;<br>\r\n<br>\r\n<b>Дата создания:</b>&nbsp;4 февраля 2004 г.<br>\r\n<b>Пользователи:</b>&nbsp;более 901 000 000<em>Аудитория сайта (по РФ):</em></p>\r\n\r\n<p>от 14 до 20 лет - 17%<br>\r\n от 21 до 30 лет - 27%<br>\r\n от 31 до 40 лет - 32%<br>\r\n от 41 до 55 лет - 24%</p>\r\n<hr><h3>ПРОДВИЖЕНИЕ ПРОФИЛЯ НА FACEBOOK</h3>\r\n\r\n<p>каукук</p>\r\n\r\n<p>Смысл продвижения заключается в обмене информацией о какой-либо компании, услуге или же продукции среди своих друзей и знакомых, которые аналогичным способом делятся этой же информацией, но уже в кругу своего общения. Для этого вида рекламы достаточно иметь свой аккаунт, с помощью которого можно найти заинтересованную аудиторию.</p>\r\n\r\n<p><br>\r\n<br>\r\n</p>\r\n<h3>ПРОДВИЖЕНИЕ ГРУППЫ В FACEBOOK</h3>\r\n\r\n<p>Создание групп в «Facebook» (Фейсбук) связано со стремлением объединения участников социальной сети, интересы которых пересекаются в пределах одной общей темы, например одежда известного бренда. Являясь представителем этой фирмы, вы напрямую заинтересованы в продвижении данной группы, которая станет для вас отличной рекламой.</p>\r\n\r\n<p><br>\r\n<br>\r\n</p>\r\n<h2>ПРОДВИЖЕНИЕ СТРАНИЦЫ В FACEBOOK</h2>\r\n\r\n<p>Социальные сети – хорошая платформа для рекламы в любом направлении бизнеса, чем и является специально созданная страница в «Facebook» (Фейсбук). Ее эффективность объясняется доступностью для любого пользователя, а кнопка «like» (мне нравится) автоматически позволит получать абсолютно все новости со страницы, кроме того распространит их среди всех друзей, привлекая таким образом многочисленных клиентов.</p>\r\n\r\n<p><br>\r\n<br>\r\n</p>\r\n<h2>РЕКЛАМА В ПРИЛОЖЕНИЯХ</h2>\r\n\r\n<p>Внедрение рекламы в приложения социальных сетей положительно сказывается на развитии бизнеса, при этом имеет смысл как создание новых приложений с последующей их раскруткой, так и финансирование существующих. Такой вид рекламы наиболее успешный, несмотря на существенные материальные затраты.</p>\r\n\r\n<p><br>\r\n<br>\r\n</p>\r\n<h2>ТАРГЕТИРОВАНАЯ РЕКЛАМА В FACEBOOK</h2>\r\n\r\n<p>Такой вид рекламы является наиболее нацеленным, способным принести результат максимально быстро. С помощью специальных настроек информация будет направляться только тем пользователям, которых она может заинтересовать. Например, людям, состоящим в браке и имеющих детей 3-5-летнего возраста.</p>',' Продвижение в Facebook','','',0,'ru',NULL,''),(49,'','',32,8,9,2,32,'prodvizhenie-v-odnoklassnikah',NULL,1,'Продвижение в Одноклассниках ','','Продвижение в Одноклассниках ','','',0,'ru',NULL,''),(50,'','',32,10,11,2,32,'prodvizhenie-v-linkedin',NULL,1,'Продвижение в LinkedIn','','Продвижение в LinkedIn','','',0,'ru',NULL,''),(51,'','',32,2,3,2,32,'prodvizhenie-v-blogah',NULL,1,'Продвижение в Блогах ','','Продвижение в Блогах ','','',0,'ru',NULL,''),(52,'','',32,12,13,2,32,'sozdanie-i-oformlenie-grupp',NULL,1,'Создание и оформление групп','','Создание и оформление групп','','',0,'ru',NULL,'');
/*!40000 ALTER TABLE `pages` ENABLE KEYS */;
UNLOCK TABLES;

--
-- Table structure for table `portfolio`
--

DROP TABLE IF EXISTS `portfolio`;
/*!40101 SET @saved_cs_client     = @@character_set_client */;
/*!40101 SET character_set_client = utf8 */;
CREATE TABLE `portfolio` (
  `id` int(11) NOT NULL AUTO_INCREMENT,
  `created_at` timestamp NOT NULL DEFAULT CURRENT_TIMESTAMP,
  `title` varchar(100) NOT NULL,
  `image` varchar(100) DEFAULT NULL,
  `visible` tinyint(1) DEFAULT '1',
  `url` varchar(200) DEFAULT NULL,
  `lang` varchar(2) NOT NULL DEFAULT 'ru',
  PRIMARY KEY (`id`)
) ENGINE=InnoDB AUTO_INCREMENT=27 DEFAULT CHARSET=utf8;
/*!40101 SET character_set_client = @saved_cs_client */;

--
-- Dumping data for table `portfolio`
--

LOCK TABLES `portfolio` WRITE;
/*!40000 ALTER TABLE `portfolio` DISABLE KEYS */;
INSERT INTO `portfolio` VALUES (5,'2014-02-17 11:10:56','Порто','5c7c92100ca324d7cfbb2ffea782c065.jpg',1,'porto','ru'),(13,'2014-02-18 09:48:46','робота 1','f12ac3181eb88cf6c5afd36ad3b72483.jpg',1,'','uk'),(14,'2014-02-18 09:48:53','робота 2','ebdc9dc6ba3794d30e2f4e9160525c58.jpg',1,'','uk'),(15,'2014-02-18 09:48:59','робота 3','0ba145e3932aa027c336bb612bf7aaaf.jpg',1,'','uk'),(16,'2014-02-18 09:50:07','робота 4','8dd11989b5f3eed69f108c2048cfa288.jpg',1,'','uk'),(17,'2014-02-18 09:50:23','робота 5','5e5bc5d943a7d1137f946f8978ce97a5.jpg',1,'','uk'),(18,'2014-03-18 10:18:35','Тестовая',NULL,1,'test','ru'),(19,'2014-03-18 18:25:12','The PAGES - Past Global Changes project is an international effort to coordinate and promote past gl','9dad7451a1f962e44869669d8fdcd946.png',1,'wadwad','en'),(20,'2014-03-18 19:51:34','The PAGES - Past Global Changes project is an international effort to coordinate and promote past gl','ce5f6add98df6c2b5a7ec7977b3cf773.png',1,'adsadsa','en'),(21,'2014-03-18 19:51:50','The PAGES - Past Global Changes project is an international effort to coordinate and promote past gl','7f2ffe14b1ffddcf64289732f2e55c3a.png',1,'dssadsadas','en'),(22,'2014-03-18 19:52:10','The PAGES - Past Global Changes project is an international effort to coordinate and promote past gl','731c097fea145f313a575e5ac8b8dbdd.png',1,'adsadas','en'),(23,'2014-03-18 19:52:22','The PAGES - Past Global Changes project is an international effort to coordinate and promote past gl','2a6993b43ac3bc984f77640eaa4979a2.png',1,'asdasdas','en'),(24,'2014-03-18 19:52:35','The PAGES - Past Global Changes project is an international effort to coordinate and promote past gl','47fd755ec37efc62f549e5a2989c2ff9.png',1,'ggdsaf','en'),(25,'2014-03-18 19:52:55','The PAGES - Past Global Changes project is an international effort to coordinate and promote past gl','4b6039b716b5356510539d6d4ed733a4.png',1,'sdadasdas','en'),(26,'2014-03-18 19:53:05','The PAGES - Past Global Changes project is an international effort to coordinate and promote past gl','6e2852d6fc7770389bcb607e5e347151.png',1,'sdsadas','en');
/*!40000 ALTER TABLE `portfolio` ENABLE KEYS */;
UNLOCK TABLES;

--
-- Table structure for table `reviews`
--

DROP TABLE IF EXISTS `reviews`;
/*!40101 SET @saved_cs_client     = @@character_set_client */;
/*!40101 SET character_set_client = utf8 */;
CREATE TABLE `reviews` (
  `id` int(11) NOT NULL AUTO_INCREMENT,
  `created_at` timestamp NOT NULL DEFAULT CURRENT_TIMESTAMP,
  `text` text,
  `image` varchar(100) DEFAULT NULL,
  `visible` tinyint(1) DEFAULT '1',
  `author` varchar(100) DEFAULT NULL,
  `lang` varchar(2) NOT NULL DEFAULT 'ru',
  PRIMARY KEY (`id`)
) ENGINE=InnoDB AUTO_INCREMENT=13 DEFAULT CHARSET=utf8;
/*!40101 SET character_set_client = @saved_cs_client */;

--
-- Dumping data for table `reviews`
--

LOCK TABLES `reviews` WRITE;
/*!40000 ALTER TABLE `reviews` DISABLE KEYS */;
INSERT INTO `reviews` VALUES (1,'2014-02-14 15:23:36','Наконец-то мы решили попробовать услуги Smm и обратились как раз в smm столицу. Скажу сразу, что работаем пока второй месяц, но! за первый месяц все было сделано согласно обещаниям а что самое главное для нас в срок. И мы даже получили 2 заказа из контакта.Тематика довольно конкурентная - продажа нижнего белья. поэтому результат в 2 заказа нас уже порадовал:) Как и все стремимся занять топ по запросу нижнее белье и получать ежедневный трафик оттуда.\r\nПоэтому пока можем оставить только положительный отзыв о smm столице.\r\nЧерез пару месяцев напишем как обстоят дела:)','348eac19059d5869352ca93b90c872e4.jpg',1,'Марина Семакина','ru'),(4,'2014-02-14 15:23:36','Не следует, однако забывать, что дальнейшее развитие различных форм деятельности в\r\n                              значительной степени обуславливает создание новых предложений. Повседневная практика\r\n                              показывает, что новая модель организационной деятельности обеспечивает широкому кругу\r\n                              (специалистов) участие в формировании ущественных финансовых и административных условий.','53640ede2f57d40073cd8fe570dc2957.png',1,'Надежда Павловна','ru'),(5,'2014-02-14 15:23:36','Не следует, однако забывать, что дальнейшее развитие различных форм деятельности в\r\n                              значительной степени обуславливает создание новых предложений. Повседневная практика\r\n                              показывает, что новая модель организационной деятельности обеспечивает широкому кругу\r\n                              (специалистов) участие в формировании ущественных финансовых и административных условий.','fdc843dc295544a9daf1f8e7076a5150.png',1,'Дмитрий Мартиросян','ru'),(7,'2014-02-18 09:52:56','What\'s the matter with the clothes I\'m wearing?\r\nCan\'t you tell that your tie\'s too wide?\r\nMaybe I should buy some old tab collars?\r\nWelcome back to the age of jive.\r\nWhere have you been hidin\' out lately, honey?\r\nYou can\'t dress trashy till you spend a lot of money.\r\nEverybody\'s talkin\' \'bout the new sound\r\nFunny, but it\'s still rock and roll to me','005f0a4b34f0f3c53a4f0156227df926.jpg',1,'Жанна Д\'Арк','uk'),(8,'2014-02-18 09:53:02','What\'s the matter with the clothes I\'m wearing?\r\nCan\'t you tell that your tie\'s too wide?\r\nMaybe I should buy some old tab collars?\r\nWelcome back to the age of jive.\r\nWhere have you been hidin\' out lately, honey?\r\nYou can\'t dress trashy till you spend a lot of money.\r\nEverybody\'s talkin\' \'bout the new sound\r\nFunny, but it\'s still rock and roll to me','f91e9a05a7cb90951ad131e6f5025526.jpg',1,'Долорес ибаррури','uk'),(9,'2014-02-18 09:53:05','What\'s the matter with the clothes I\'m wearing?\r\nCan\'t you tell that your tie\'s too wide?\r\nMaybe I should buy some old tab collars?\r\nWelcome back to the age of jive.\r\nWhere have you been hidin\' out lately, honey?\r\nYou can\'t dress trashy till you spend a lot of money.\r\nEverybody\'s talkin\' \'bout the new sound\r\nFunny, but it\'s still rock and roll to me','77f7ff49f571ad590147491310dfb58d.jpg',1,'Жанна Д\'Арк','uk'),(10,'2014-03-18 19:45:03','The PAGES - Past Global Changes project is an international effort to coordinate and promote past global change research. PAGES mission is to improve our understanding of past changes in the Earth System in a quantitative and process-oriented way in order to improve projections of future climate and environment, and inform strategies for sustainability.','ff0bae2aae36809240543402d9215eb9.png',1,'Seredun','en'),(11,'2014-03-18 19:46:35','The PAGES - Past Global Changes project is an international effort to coordinate and promote past global change research. PAGES mission is to improve our understanding of past changes in the Earth System in a quantitative and process-oriented way in order to improve projections of future climate and environment, and inform strategies for sustainability.','bf431802eeeab5537696c844a11fbd29.png',1,'Marina','en'),(12,'2014-03-18 19:46:51','The PAGES - Past Global Changes project is an international effort to coordinate and promote past global change research. PAGES mission is to improve our understanding of past changes in the Earth System in a quantitative and process-oriented way in order to improve projections of future climate and environment, and inform strategies for sustainability.','d66e90a5d489a5287b86a7dc46b4dfc3.png',1,'Pasha','en');
/*!40000 ALTER TABLE `reviews` ENABLE KEYS */;
UNLOCK TABLES;

--
-- Table structure for table `tbl_migration`
--

DROP TABLE IF EXISTS `tbl_migration`;
/*!40101 SET @saved_cs_client     = @@character_set_client */;
/*!40101 SET character_set_client = utf8 */;
CREATE TABLE `tbl_migration` (
  `version` varchar(180) NOT NULL,
  `apply_time` int(11) DEFAULT NULL,
  PRIMARY KEY (`version`)
) ENGINE=InnoDB DEFAULT CHARSET=latin1;
/*!40101 SET character_set_client = @saved_cs_client */;

--
-- Dumping data for table `tbl_migration`
--

LOCK TABLES `tbl_migration` WRITE;
/*!40000 ALTER TABLE `tbl_migration` DISABLE KEYS */;
INSERT INTO `tbl_migration` VALUES ('m000000_000000_base',1393229738),('m140221_083540_add_template_for_meta',1393229761),('m140221_084301_rename_custom_fields',1393229761),('m140221_104456_add_templates_for_another_meta_fields',1393229761),('m140224_075512_add_redirect_field_to_pages',1393235807),('m140224_110102_add_lang_field_to_meta',1393238053),('m140224_124401_add_admin_email_to_meta',1393317176),('m140303_081003_add_module_field_to_page',1393841201);
/*!40000 ALTER TABLE `tbl_migration` ENABLE KEYS */;
UNLOCK TABLES;

--
-- Table structure for table `users`
--

DROP TABLE IF EXISTS `users`;
/*!40101 SET @saved_cs_client     = @@character_set_client */;
/*!40101 SET character_set_client = utf8 */;
CREATE TABLE `users` (
  `first_name` varchar(100) NOT NULL,
  `last_name` varchar(100) NOT NULL,
  `id` int(10) unsigned NOT NULL AUTO_INCREMENT,
  `email` varchar(100) NOT NULL,
  `phone` varchar(30) NOT NULL,
  `password` varchar(100) NOT NULL,
  `joined_on` timestamp NOT NULL DEFAULT CURRENT_TIMESTAMP,
  `role` tinyint(1) NOT NULL,
  `photo` varchar(100) DEFAULT NULL,
  PRIMARY KEY (`id`)
) ENGINE=InnoDB AUTO_INCREMENT=3 DEFAULT CHARSET=utf8;
/*!40101 SET character_set_client = @saved_cs_client */;

--
-- Dumping data for table `users`
--

LOCK TABLES `users` WRITE;
/*!40000 ALTER TABLE `users` DISABLE KEYS */;
INSERT INTO `users` VALUES ('','',1,'futurity','','7371014fa9783e7a24d5cd4b92fd52a0','2014-02-03 10:32:12',1,NULL),('','',2,'god','','81dc9bdb52d04dc20036dbd8313ed055','2014-02-03 10:32:12',1,NULL);
/*!40000 ALTER TABLE `users` ENABLE KEYS */;
UNLOCK TABLES;
/*!40103 SET TIME_ZONE=@OLD_TIME_ZONE */;

/*!40101 SET SQL_MODE=@OLD_SQL_MODE */;
/*!40014 SET FOREIGN_KEY_CHECKS=@OLD_FOREIGN_KEY_CHECKS */;
/*!40014 SET UNIQUE_CHECKS=@OLD_UNIQUE_CHECKS */;
/*!40101 SET CHARACTER_SET_CLIENT=@OLD_CHARACTER_SET_CLIENT */;
/*!40101 SET CHARACTER_SET_RESULTS=@OLD_CHARACTER_SET_RESULTS */;
/*!40101 SET COLLATION_CONNECTION=@OLD_COLLATION_CONNECTION */;
/*!40111 SET SQL_NOTES=@OLD_SQL_NOTES */;

-- Dump completed on 2014-03-21 11:26:08
